번호,사업자등록번호,법인번호,기업명,고객 세그먼트,label,가치제안,label.1,마케팅채널,label.2,고객관계,label.3,수익원,label.4,핵심활동,label.5,핵심자원,label.6,핵심파트너,label.7,비용구조,label.8
68,,,Biby,1) 인플루언서2) 팔로워(팬,2,1. Celebrity가 Biby에서 수익을 창출을 위해 콘텐츠 제작을 할 필요 없음.2. 1:1 메세지 전화 기능으로 팬에게 Celebrity와 Private Intimate한 소통을 할 수있는 User Experience 제공.3. 서비스 홍보/광고 불필요. -> Celebrity를 통해 자동적으로 유저 유입.4. Celebrity를 기반으로 한 다양한 기능 확장가능,1,국내 Celebrity 섭외 방안1. 오우석 팀원의 인플루언서 지인들과 계약 협의를 진행하고 있습니다. 서비스초기에 해당 인플루언서들의 가입을 통해 시장 검증 및 초기 유저 확보를계획중입니다.2. Covid-19으로 인한 사회적 거리두기의 일환으로 최근 많은 연예인들이 온라인팬미팅 영상통화 이벤트 등을 진행하고 있습니다. 저희는 연예인의 영상통화이벤트 팬사인회 등을 지원하여 해당 연예인과 팬들의 가입을 유도할 것입니다.해외 Celebrity 섭외 방안Biby는 서비스 특성상 굉장히 낮은 글로벌 진입장벽을 가지고 있습니다. 초기부터해외 시장을 목표로 마케팅을 진행할 것입니다. 서비스 초반에는 세계적으로 가장넓은 영향력있는 팬덤을 가진 미국을 타겟할 예정입니다,1,마케팅 전략기본 홍보 전략은 최대한 다양하고 많은 인플루언서들에게 인스타그램 틱톡과 같은플랫폼의 메시지를 통해 우리 서비스를 홍보하는 것입니다.(매스마케팅) 하지만Celebrity의 유명세에 따라서 아래와 같이 조금씩 다른 접근방법을 사용합니다.인스타그램 DM 홍보 예시 틱톡 DM 홍보 예시스타 연예인서비스 초기에는 대중들에게 Biby의 인지도를 높일 수 있도록 유명한 Celebrity와계약하여 홍보를 진행할 예정입니다.,1,수익 모델프리미엄 유료 구독 방식과 Pay per OOO에 대한 10% 수수료 방식을 수익 모델로합니다.프리미엄 유료 구독(Premium Subscribe Benefit)For Fan 상대방의 답장률 제공 상대방의 메시지 답장/전화응답 최소 금액 제공 (Celebrity가 응답할 최소 금액) Ÿ 자신이 팔로잉하는 사람의 알림 메시지 받기 전화 녹음 영상통화 녹화 기능 For CelebrityŸ 자신의 팔로워들에게 일괄적으로 알림 메시지 보내기 (ex. 지금 채팅 통화 가능해요!) For Advertiser Ÿ 광고/마케팅 문의 메세지 보내기 (광고/마케팅 문의 메시지는 수신자에게 별도로표시됨)-> 기존 인스타그램 Direct Message등을 통해서 이루어지던 인플루언서 광고/마케팅문의를 Biby를 통해서 할 수 있음. (인플루언서는 하루에도 수십 수백통의 DirectMessage를 받기 때문에 광고문의와 일반 팬으로부터 오는 메세지를 구분할 수 있도록 제공)예상 매출월 구독료 1만원 책정시 예상 연 매출.년도 유료 구독자 수 예상 연 매출2022년 1000 명 1000만원2023년 5000 명 5000만원2024년 25000 명 2억 5000만원2025년 125000 명 12억 5000만원2026년 625000 명 62억 5000만원Pay per OOO에 대한 10% 수수료인스타그램에서 63만명의 팔로워를 보유한 한 국내 인플루언서의 경우 미국의창작물 후원사이트인 Patreon을 통해서 구독자(팔로워)들에게 월 927만원의 구독료수익을 얻고 있습니다.예상 매출전제 조건 : 팔로워 10만명을 보유한 인플루언서의 Biby내 월 수익을 150만원으로 계산.1. 인플루언서 100명 * 150만원 => 1억 5000만원의 인앱결제 발생2. 1억 5000만원 * 수수료 10% = 월 1500만원 매출 => 인플루언서 100명당 월 1500만원 매출 발생년도 목표 인플루언서 가입 수 예상 연 매출2022년 100 명 1억 8000만원2023년 500 명 9억2024년 2500 명 45억2025년 12500 명 225억2026년 62500 명 1125억,0,모바일 소통 플랫폼 개발 인플루언서 확보,2,TOSS 개발자 1명 LINE+ 출신 개발자 1명 인플루언서 마케팅 및 서비스 기획전문가 1,0,하이텍 (베트남 개발업체,1,비 목 산출근거 금액(원)외주용역비· 앱 개발비 30000000원· 웹 개발비 4600000원· 웹/앱 디자인 4000000원38600000지급수수료· 서버 운영비 511282원 511282· 법인 설립비 406900원· 회계감사비 481818원 888718창업활동비 • Github pro Amazon Web Service etc 4000000합 계 44000000,0
69,,,WEMAIN,온라인 영상 공유 플랫폼에 익숙한 10대~20대(오락과 재미를 위해 짧은 영상을 좋아하는 자. 광고 수익을 원하는 자) - 작품 창작자 및 사업자(웹툰 웹소설을 홍보하고 싶은 자) - 연예인 인플루언서 셀럽(관중에게 노출이 필요한 업종에 있는 자) - 작품 창작자 및 사업자(웹툰 웹소설을 홍보하고 싶은 자): 수익 모델에 핵심이 되는 파트너로 한달 무료 프로모션 애니메이션 제작 등의 프로모션 방법으로 광고주 유치 ,1,작품 창작자: - 작품 홍보 효과- 제 2의 콘텐츠(영화 드라마)로 가공 가능성 UP영상제작자(사용자): - 광고 수익- 작품 속 주인공이 된 듯한 재미- 유명세- 작품 홍보로 인한 광고주(웹툰 웹소설 창작자 및 사업자) 수익환경 조성 및 창작 활동 환경 증진과 광고 수익으로 인한 사용자 수익환경 조성 및 새로운 일자리 제공,1, 안드로이드 앱- iOS 앱- YOUTUBE- Instagram Facebook twitter 등 눈,1,광고주 대상 마케팅 ① 한달 무료 프로모션 ② 웹툰 웹소설 공모전 ③ 애니메이션 제작 및 공유 ④ 지인 추천 프로모션 ⑤ 협회와 MOU 체결- 사용자 대상 마케팅  ① MZ 세대가 좋아할 만한 콘텐츠 요소 강화  ② 광고 수익 정산과 충성 고객에게는 금 명함을 주는 프로모션 진행 ③ 인플루언서 연예인 셀럽 등을 플랫폼에 유치- 광고주 대상 마케팅으로 한달 무료 프로모션: 한 달 동안 발생한 조회 수 당 광고료를 지급할 필요가 없어 무료로 홍보가 가능- 사용자 대상 마케팅으로 MZ세대가 좋아할 만한 콘텐츠 요소 강화: MZ세대가 창의적인 영상을 만들 수 있도록 그래픽 필터와 사운드와 같은 콘텐츠 요소를 트렌디하게 제작하여 업데이트,0,광고 수익의 40% 플랫폼 이용료- 후원금의 40% 플랫폼 이용료- 유튜브 채널 광고 수익- 광고 수익의 40% 플랫폼 이용료: 광고주(웹툰 웹소설 창작자 및 사업자)가 영상을 올려 원작을 홍보해준 사용자에게 지급하는 광고 수익의 일부를 플랫폼 이용료로 지급 받음,2,광고계약- 영상인식 및 편집 등 VR/AR 영상 제작 환경- IP 관련 콘텐츠 요소(그래픽 필터 사운드 이미지 등) 제작 및 제공- 추천 알고리즘- 팔로우 기능- 광고계약: 익 모델에 핵심이 되는 활동으로 방문 및 오프라인 미팅과 지인 추천 프로모션을 통해서 적극적으로 광고 계약 추진,1,플랫폼​ 개발 업체- 개발 인력- 콘텐츠 요소 제작 인력(그래픽 및 사운드 분야) - 광고 계약 추진 인력- 마케팅 인력- 데이터- 클라우드 서버- 프로그래밍 소프트웨어- 콘텐츠 요소 제작 인력(그래픽 및 사운드 분야): 요즘 트렌드에 맞는 영상이 제작 되도록 MZ세대가 원하는 콘텐츠 요소를 제작할 수 있는 역량을 가진 인력 적극 채용,2,웹툰 웹소설 창작자 및 사업자- 콘텐츠 관련 업체- 저작권 협회- 투자자- 개발 외주 업체- 앱 유통사(구글 애플) - 마케팅 관련 사업자- 영상 관련 플랫폼- 웹툰 웹소설 창작자 및 사업자: 수익 모델에 핵심이 되는 파트너로 한달 무료 프로모션 애니메이션 제작 등의 프로모션 방법으로 광고주 유치 ,0,플랫폼 구현 시 들어가는 비용- 성우 및 BGM 제작의 외주 비용- 저작권 비용- 마케팅 비용- 플랫폼 유지 보수 비용- 셀럽 및 연예인 유치 비용- 애니메이션 외주 비용- 플랫폼 구현 시 들어가는 비용과 유지 보수 비용: 영상을 공유할 수 있는 서버와 VRAR 기술을 구현하는데 들어가는 비용이 가장 높을 것으로 예상됨,2
70,,,개인구역,고객의 pain point 기존 제품의 단점반려인 반려동물 훈련사1) 적합한 훈련사 매칭2) 반려동물 교육에 대한 정보3) 신뢰성있는 훈련사 정보 공개1) 반려인과의 갈등 저하2) 편리한 스케줄 관리3) 홍보수단,1,반려인에게 신뢰할 수 있는 훈련매칭 반려동물 교육 관련 정보 제공 및 커뮤니티 / 반려동물훈련사게는 합리적인 서비스 제공반려인 반려동물 훈련사1) 훈련사의 투명한 정보제공2) 반려동물에 대한 정보제공으로 인하여훈련매칭에서 오류 최소화3) 반려동물 교육/훈련 정보 습득4) 우리동네이야기 : 지역별 커뮤니티를구축하여 다양한 컨텐츠 활용1) 편리한 스케줄 관리2) 반려인에게 직접적인 홍보3) 반려동물 정보를 제공함으로써 고객 유입4) 정확한 반려동물 정보(문제행동 건강지수등)을 제공받아 정확한 문제행동 교정,0,SNS·유튜브를 통한 마케팅 앱 내 유저바이럴을 이용한 마케팅1) SNS·유튜브를 통한 마케팅(블로그 MOU 500 유튜브 MOU 100)2) 앱 내 커뮤니티를 구축하여 고정고객 확보 계획,2,마케팅 전략 고객 유치 전략1) 마케팅 전략 : 훈련사를 통한 유입- 훈련대회 펫 미용 대회 등을 통하여 직접 유입- 지역별 반려동물 훈련소를 활용한 고객 유입2) 고객 유치 전략- 지역별 소상공인 상호 광고를 통한 고객 유입- 인스타그램 유튜브를 활용한 고객 유입,2,구독 수수료 지역별 광고 수수료1) 훈련사 구독(가입) 서비스- 일반 서비스 이용 : 월 8만8천원- 프리미엄 서비스(애견꿀팁 커뮤니티) 이용 : 월 11만원2) 지역별 광고 수수료- 지역중심 훈련매칭 서비스에 따른 광고 수수료- 인구편향 및 사업군에 따라 차등 수수료 측정,1,반려동물 전문가 모집 및 홍보채용공고를 통한 훈련사 모집 반려동물 훈련사와 협업하여 반려인에게 반려동물 정보 제공반려동물 전문가 양성기관과의 협업을 통한 훈련사 유입,2,지적재산권 출원 인적자원(고경력 훈련사 웹마케터)특허출원 1건 상표출원 1건 9년경력의 훈련사가 직접 훈련사 모집(현재 193명 모집) 유튜브및 블로그 활,2,반려동물 훈련사 공급 기관반려동물 훈련사 자격증 발급기관(한국애견협회 연맹 등) 각 지역별 반려동물 훈,1,제품개발 마케팅 비용 인건비1) MVP에서 고도화 작업 및 유지보수2) 온라인 마케팅 SEO 최적화3) CS인력 인건비 / 앱 유지보수인력 인건,2
71,,,갤튼,타겟 고객의 문제/요구/얻고자 하는 혜택 시장 크기 시장 종류(새로운 시장 기존 시장 등)1.시장현황(규모/전망/고객동향) ◦정보통신정책연구원에 따르면 VR 분야의 국내 시장규모는 2019년 1조 3735억 원에서 연평균 42.9%씩 증가해 2024년에는 8조 1839억 원 규모로 성장할 것으로 예측[ VR 분야의 국내 시장규모 및 전망 ](단위 : 억 원 %) 출처 : 가상현실(VR) 생태계 현황 및 시사점 정보통신정책연구원 2016 ‘22년은 ’17~‘21년 CAGR로 대체가. VR 시스템에 안전 교육을 접목할 경우 학습효과는 더욱 높아질 것으로 판단하여 초청 행사와 일반 방문자 중 1200명가량의 일반 손님과 14개 체험관 그리고 기관관련자들의 인터뷰함나. 80% 이상의 답변이 안전 관련된 콘텐츠 혹은 시스템으로 발전할 안전 교육의 전달 효율성과 흥미 부분에서 높게 평가를 하였고 체험관과 기관의 경우 만약 콘텐츠의 변경이 손쉽고 비용 측면에서 절감이 된다면 구매 의사가 있음을 밝혔음. (기관과 연락을 취하고 있으며 첫 제품인 교통안전 콘텐츠의 자문역할을 해주고 있다.)다. 일반 소비자 중 7세에서 15세의 아이를 키우는 부모님 1200명에게 설문조사를 하였음. 결과 교통안전에 관한 대비 훈련이 자신의 아이에게 필요하다고 대답한 사람이 68% 이상이었으며 교통안전에 관한 그리고 교통안전 교육에 관한 의견을 자유롭게 작성했을 때 교육들이 언제나 똑같고 효과가 부족하고 교육 후에 피드백이 없다는 의견이 많았다. 종합하여 보면 실질적이고 새로운 방식의 교육과 피드백이 있는 안전 교육을 원함을 알 수 있다. - 안전 콘텐츠 시장 조사 – VR시장과 문헌조사가. 교육과 안전교육의 시장변화 추이는 현재 78억 달러의 가치이고 매년 2.7배 단위로 VR/AR 체감형 컨텐츠로 변화 하고 있다. 그중 실감형 VR 교육은 25년 126억원 달러가 지출 될것으로 전망된다. 30년에는 10조 달러로 추산되며 앞으로 계속 시장의 요구가 있을것으로 보인다.<정보통신산업 진흥원 발표한 정책동향 분석> 나. 위의 그림과 같이 체감형 학습은 학습자가 학습내용에 몰입하게 하고 주도적인 학습을 유도함은 물론 학습내용을 체화하도록 하여 교육 효과를 증진한다고 분석하였다.<실감형 컨텐츠 적용 유망 분야와 정부 지원 분야> 다. 자사는 체감형보다 한 발 더 앞서서 데이터를 수집하고 사용자가 더욱 안전하고 앞서 나가 다른 영역에서 흥미와 적성 심리와 정신 건강까지 확인할 수 있도록 하여 일반적인 안전 교육 시장과 발굴되지 않는 인지능력 측정 분야에서 시장성 및 경쟁력은 충분히 높다고 판단. ,0,고객의 문제/요구 해결안 차별화 포인트(고객이 구매해야 하는 이유) 경쟁사고객의 문제: 체험자의 학습 이해 수준을 고려하지 않는 VR 안전 컨텐츠 가. 기존의 존재하는 대부분의 체험형 안전교육 시스템은 제험자의 수준과  이해수준을 고려하지 않고 교육이 실시 되거나 어떠한 경우는 의도와는 관계없는  교육 컨텐츠로 시간을 보내는 경우가 많다. 그리고 이와 같은 시스템과  콘텐츠들은 기관과 학교 등 생리상 다음연도에 또 진행하는 경우가 많다. 나. 안전 관련 콘텐츠를 제작하거나 서비스하는 업체는 국내 약 51개 업체가  존재하며. 자사에서 조사해본 바에 의하면 대부분의 기업 들은 일방적인 체험형  콘텐츠를 제작하고 서비스하고 있다. 해결안: 기존의 형식적으로 시행된 사진영상텍스트 형태의 안전 대비훈련을 탈피하고 실감형 xr안전 콘텐츠로 훈련하여 몸으로 기억하는 재난안전 대응 훈련과 동시 플레이어의 과잉행동 반응을 VR기기를 통해 위치 추적하여 기존의 수집된 정보와 매칭 머신러닝 플랫폼을 통해 데이터베이스 축적하고 이에 도출된 결과를 근거로 솔루션을 제공한다. 차별화 포인트: 가상 공간속에서 플레이어의 과잉행동 반응을 수집 수집된 정보를 자체 개발중인 딥러닝 프로그램에 매칭 인지 수준 및 문제점 조기 발견한다. 이에 고객별 (현재 건강 상태 감정수행 능력안전 인지 등 )정보를 수집/분석하여 솔루션을 제공 받게 됨으로써 성장 과정에서의 문제점을 개선. 1) 7~15세 아동 청소년: 인지능력 향상/건강상태 체크/인지능력 체크/행동발달 체크2) 교육기관 : IMS서비스를 통한 데이터 수집 및 분석 가능 3) 보험사 : 수집된 인지 데이터 활용 보험료 산출 및 고객 서비스 활용 4) 정부 기관 : 인지 데이터 활용 교육정책 반영 5) 기업 : 채용 직무능력 건강 안전 교육 등 (산업 안전콘텐츠) *인지데이터 수익 증대*,0,직접 판매 간접 판매전국 초중학교 영업 지자체별 안전교육센터(안테나샾 역할) 나라장터 벤처나라 스팀VR 네이버 제페토 오큘러스 스토어 웰콘 유튜브 인스타그램 블로그페이스북,2,고객 확보 전략(마케팅 전략) 고객 유지 전략 가. 초기 가능 진입 시장,2,판매 가격 예상 매출/손익 구매 방법(일시불/방문/메타버스 등)1) 체험 시설 110개소 + 기타 체험 시설 60개소 : 설치형 170개소 : 1SET 2800만원 = 1/10 476000000원 2) 의무 교육 수요자 전국 7~15세 (1년 5467174명) : 방문 및 소프트웨어 판매 5467174명 : 1회 30000원 1/10 16701522000원 스팀VR오큘러스 스토어 등(메타버스) : 초기 100000000원 예상IMS 인지데이터 7세~15세 활용/데이터판매(보험사기관) :16701522000원 이상 예상 총 3년 차기준 33879044000원 예상,1,제품 개발 판매를 위한 주요 활동갤튼의 ims (XR행동 데이터 수집 및 분석시스템) 개발 및 서비스 플래폼에 개발자체 IMS 머신러닝딥러닝 시스템 개발/ 학교기관에 IMS 서비스 영업 및 수집된 인지데이터 판매(보험사정부,2,지적 자원(특허 등) 주요 인력(개발 영업) 자금 확보 전략GELTEN IMS 시스템 관련 특허등록 1건 출원 3건 상표출원 3건/ 현재 팀원: 기획1명 개발 3명 국내.외 영업2명 추가고용: 개발 3명 / 자금확보전략: 2021년 2억 기확보 / 엔젤투자 를 통한 초기 시드 1억 투자 > 2022년 VC를 통해 시드 5억 투자 (2022년 가천대학교 교수진과 [디딤돌][콜라보] XR행동 데이터 수집 및 분석시스템 R&D 6억 2년),0,XR행동 데이터 수집 및 분석시스템 개발 및 서비스 상용화가천대학교 산학협력단 신구대학교 산학협력단신구대학교 사회복지학과 변순옥 교수 신구대학교 아동보육학과 교수 가천대 길병원 정신 의학과 교수 차세대 기술융합연구원 연구진/교수. K-ICT 윤정자 멘토 서울과학 기술대학교 경영학과 이채원 교수,0,제품 개발 제조 판매를 위한 비용 내용 (인건비 투자 재료비 등)◦ 소요자금1. 인건비 가. 소프트웨어 개발인력 3명 : 7200만원나. 영업 마케팅 인력 2명 : 5760만원다. 대표자 인건비 1명 : 3600만원 2. 외주 제작비 가. 실사 모델링 (건물자동차케릭터 등) : 1200만원나. 멘트더빙(더빙) : 50만원다. 효과음 구입 : 50만원3. 홍보비,1
72,,,글래드파크,타겟 고객의 언어학습 니즈1. 성적을 위해 외국어를 공부하는 학생2. 실무 및 시험을 위해 공부하는 직장인3. 흥미에 의해 외국어를 공부하는 성인4. 해외경험 및 현지인과 소통을 원하는 대학생 및 성인5. 과외 혹은 수업진행을 연습하고자 하는 강사 및 교사,2,기존 서비스 대비 언어교환 본연의 목적에 집중한 서비스1. 학생: 비용대비 월등한 언어학습의 기회2. 대학생 및 성인: 필요할 때 (면접 및 미팅) 외국어 연습 가능,2,구글 플레이스토어 애플 앱스토어 인터넷 배너광고페이스북 인스타그램 구글애드센스,2,마케팅 전략 및 고객 유지 전략1. 지인추천 및 입소문 마케팅 어학당 및 어학원과의 연계를 통한 마케팅2. 투자금 유입에 따른 지역 및 국가별 CPC 광고를 통한 유저확보3. 서비스 이용 시 선생님 & 학생으로 역할 구분 및 각 역할에 따른 보상체계로 고객 유지,1,어플리케이션 스토어를 통한 서비스 내 재화 구입에 따른 매출 마케팅 비용서비스 사용료(재화구입) - 앱스토어 수수료 - 온라인 광고 비용 – 인건비 = 수익 ,2,서비스 고도화 및 CPC 마케팅개발자 교육 및 마케팅 담당자 영입,2,주요인력(개발 및 마케팅) 자금확보 전략 개발지휘 경험 대표/CTO 외부투자 유치 전담인력,2,지역별 마케팅을 위한 각 국가 및 대륙 별 파트너국가 혹은 지역을 담당하여 서비스 마케팅을 담당할 localization firm 혹은 marketing firm,2,서비스 개발 및 유저확보를 위한 비용어플리케이션 개발 및 유지보수 인건비 결제 채널 수수료 CPC 마케팅 비용 ,2
73,,,낭만상회,1) 프렌차이즈 가맹점을 운영하는 점주2) 프랜차이즈 본사1) 전체 자영업자 553만 1천 명 중 일부 전국 프렌차이즈 4000여 개 중 재료발주에 어려움을 겪는 점주2) 가맹점의 매출과 원자재 관리를 시스템화 하고 싶은 프랜차이즈 본사,2,1) 자영업자 : 자동 발주 서비스2) 프랜차이즈 : 가맹점 판매 물류 관리 서비스1) 매일 30분~1시간 씩 반복되는 식자재 발주 업무에서 해방. 자영업자 업무 부담완화 인력 소요 감소로 인건비 감소와 개인 시간 증대2) 가맹점의 판매 데이터 물류 데이터 통합 관리. 가맹점별 메뉴별 매출 추이 정량조리율 등이 담긴 종합 보고서 제공,1,B2B 영업을 위한 프랜차이즈 본사 고객 밀접 채널 확보한국프랜차이즈산업협회 아프니까 사장이다 등 광고,2,프랜차이즈 대상 B2B 영업가맹점 – 프랜차이즈 - 토더가 상생할 수 있도록 가게 운영에 도움 되는 보고,2,프랜차이즈 본사 대상 Saas 월 구독 모델가맹점 1개당 월 18900원 책정(타 프랜차이즈 대상 Saas 참,2,1) 제품 개발2) 프랜차이즈 본사별 customizing 서비스 제공1) 토더 웹 서비스와 토더.exe 개발 완료 및 고객 사용성 증대2) 프랜차이즈 본사에게 맞춤형 User interface 제공 맞춤형 보고서 제,2,1) 프로그램 개발 인력2) 영업 인력1) 토더 웹 서비스 토더.exe를 개발하기 위한 인력 유지 및 추가 확보2) 프랜차이즈 본사 대상 B2B 영업을 진행할 영업 인력,1,1) 프랜차이즈 본사 : 한국프랜차이즈산업협회2) 카드사 : KB 등(협업 중)3) 포스업체 유통업체 : 이지포스 동원 홈푸드 등1) 프랜차이즈 본사는 우리의 서비스를 월 구독하는 고객이자 서로 상생하며 같이성장하는 핵심 파트너임.2) 카드사에서 제공하는 가맹점의 매출데이터는 가게의 판매량 산출에 정확도를 높여줌.3) 포스업체 유통 업체의 api를 받아 정보의 연결성 강화,1,제품 개발과 유지 판매를 위한 인건비와 사무실 운영비1) 개발자 영업사원 인건비2) 사무실 임대료와 운영비3) 서버비 장비비,2
74,,,네모엔터테인먼트, 〮 작가  – 높은자유도 추구 - 비대면 정규직화 / 작가의 이익추구 - 작업량 간소화 / 해외진출 - 불공정 처우 개선독자 - 다양한 장르의 컨텐츠 제공 - 구매하지 않아도 콘텐츠 감상 가능,0,혁신가치○ 14만 프리랜서작가 보유 웹툰제작 리소스 공유플랫폼을 기반으로 AI를  통한 웹툰제작 및 번역으로 누구나 웹툰을 쉽게 만들어 글로벌시장에  판매하고 쉽게 접할 수 있음고객가치○ 간섭없이 자유롭게 업로드 가능한 웹툰 지식공유 오픈마켓 플랫폼○ 다른 플랫폼에는 없는 다양한 웹툰을 무료 또는 저렴하게 감상 가능공여가치○ 정기적 공모전 등을 통해 지속가능한 비대면 정규직 일자리 창출○ 글로벌 시장에 K-웹툰의 우수성을 알림,0,유튜브채널과 제휴. 유튜버를 스토리작가 및 주인공으로 한 작품 제작. 30여개의 유튜브 채널과 진행 협의하였으며 웹툰작가 매칭하여 웹툰제작 및 유튜버 채널 동영상 노출 등으로 마케팅 진행.,0,웹툰 제작의 과도한 업무량  AI를 이용한 웹툰 제작  ‘그리고’는 선화 채색 배경 캐릭터 등 인공지능을 활용한 자동 웹툰 제작 외에 지식공유서비스를 이용한 소스공유 필요한 인력매칭까지 지원하여 웹툰 제작에 필요한 시간을 획기적으로 단축 가능하며 1주에 1화를 만들기 위해 다수의 인력이 필요했던 기존에 비해 1인 다작 연재도 가능함.- 높은 플랫폼 연재의 벽  플랫폼의 허락 아닌 자유로운 연재 기존 웹툰 플랫폼은 상업적으로 성공가능한 작품 플랫폼 성향에 맞는 작품을 연재하기에 작가지망생이 플랫폼의 벽을 뚫고 정식 연재작가가 되기 쉽지 않음. - ‘그리고’는 작품에는 전혀 개입하지 않고 작가가 직접 연재일 및 가격 컷수 등을 선택하게 하고 작품 외 작가가 직접하기 어려운 번역이나 마케팅 리포트 정산 추천 등의 역할만 수행.- 작가의 안정적인 수익모델 부족  친작가 정책 및 정규직 채용  작가에게 불리한 전송권 독점 후차감 MG 누적 MG 등을 모두 폐지하고 작가에게 85%의 높은 수수료를 지급하고 광고수입이나 후원 / 구독 등 작가가 꾸준히 작품 활동에 전념할 수 있도록 수익모델 다양화. ,0,작가 작가셀프홍보콘텐츠 연재 의뢰 수주・그리고..USER웹툰 감상작품제공작품구매 작가후원비용지불/후원작품 결제 및 후원 수익의 수수료 15%웹툰/웹소설 크리에이터에게수익의 85% 지급15%거래액연 1630억플랫폼 수수료수수료매출245억+후원 중개수수료 펀딩 굿즈판매,0,인프라 구축 / 원천기술 개발 / 플랫폼 개발 / 제휴콘텐츠 제작As isTo be보유기술Stage 1Stage 2Stage 3 ‘애니툰’ 운영경험  (월 3억매출 및 EXIT) 웹툰마케팅 경험 웹툰 플랫폼 기획 유튜버 활용 마케팅 웹툰/웹소설 콘텐츠  제작(작가육성) 웹툰플랫폼 런칭 연구소기업 설립 고관심정보 마이닝  특허 구입 AI 웹툰 제작기술 - Sketch Simplification - Automatic Colorization - Webtoon Drawing AI - Automatic Scenario   Building System 지식공유 플랫폼 - 추천 AI 알고리즘  글로벌 런칭 - 자연어 처리 자동번역 고객 맞춤형 서비스 및 AI 심화학습 웹툰지식공유플랫폼 론칭을 통한 하이브리드웹서비스 오픈 예정 네모엔터테인먼트는 스토리 콘티 선화 채색 등 각 분야를 담당하는 인프라를 구축하고 자체 스튜디오를 구성하여 전문화되고 효율적인 인력운영이 가능.  AI 웹툰 제작 플랫폼이 추가된 2차 런칭 후 국내에서 충분한 데이터 확보 및 안정성을 테스트하여 AI 자연어처리 자동번역 및 해외마케팅이 추가된 글로벌 AI 웹툰 지식공유 플랫폼으로 3차 런칭.(2024년 예정),0,애니툰 달툰 야툰 등 실제 플랫폼 개발 및 스튜디오 운영 경험자가 제작하는 플랫폼 탑툰 카카오페이지 등 타 플랫폼 연재 경력이 있는 작가 및 PD로 스튜디오를 구성하여 자체 웹툰 소설 제작이 가능하고 공익웹툰 등을 포함한 외주 웹툰제작 인프라를 갖춤.,0,웹툰/웹소설 플랫폼사 연간계약 추친 및 제휴채널 확장을 통한 매출극대화 콘텐츠 전문 번역업체 커뮤글로벌을 통한 해외작품 유통 및 중국 콰이칸 일본 픽코마 등 해외플랫폼 진출,0,플랫폼 개발 AI 서비스 개발 콘텐츠 연구 개발콘텐츠 구입 및 작가 수수료 연재에 따른 보상금 및 포상제도내부 작가 및 운영인력 인건비 인하우스 디자인 및 개발비플랫폼 홍보를 위한 마케팅 및 제휴컨텐츠 제작비,1
75,,,다움커리어,1. 개인고객2. 공교육(학교) 기관3. 사교육(교과 학원) 기관4. 청소년 상담센터1. 개인고객 전체 초등학교 4학년~고등학교 1학년의 8% 약 2400억2. 공교육(학교) 기관: 전국 초등고등학교3. 사교육(교과 학원) 기관: 기가맹학원 및 지역 학원 네트워크 활용 영업 인력활용4. 청소년 상담센터 : 서울 경기 지역 청소년 상담센터 데이터 확보 완료(서울 경기 지역 활성화 후 확산할 예정),1,서비스 차별화 포인트경쟁사와 비교하여 진로와 진학 모두를 한 번에 관리할 수 있음학생: 자신의 진로 설게와 관리를 자기주도적으로 설정할 수 있음학부모 : 적성 성격 흥미 등 자녀의 내적 상황을 잘 이해할 수 있으며 이를기반으로 원활한 소통이 가능공교육 기관(교사): 교과의 지식을 전달하고 대학 진학을 지도하는 역할에서 학생개개인의 다양한 성장과 맞춤형 학습을 지원하고 배움의 질을 보장하는 전문가로 변화할 수 있음사교육 기관(학원): 대부분의 사교육 기관은 교과 과목 위주로 학생들을 지도하고있음. 본 아이템과 연계하여 교과 및 비교과 관리를 차별적 마케팅 전략으로이용하여 진행할 수 있음.청소년 복지센터: 교육의 기회가 부족한 학생들에게 내가 원하는 진로나 나에게 맞는 진로 및 적성과 연계한 교육의 기회 제공,0,영업 인력을 통한 판매 설명회 유치 행사를 통한 판매 SNS(카카오톡 채널인스타그램 등 기업 소셜 계정을 활용한 홍보 및 판대) 비대면 바우처 플랫폼 등정부 지원 플랫폼 유통 채널을 통한 판매,2,체험단 운영 기존 서비스 가맹학원 할인 프로모션 민간 자격증을 통한 고객 유치 체험단 운영을 통한 입소문 마케팅 전략으로 고객 유치 현재 다움커리어의서비스를 이용중인 가맹 고객 대상으로 선체험 프로모션 할인 프로모션으로 고객 유치 태블릿PC 프로모션 진행 현재 운영중인 민간 자격증(진로지도학습관리상담사) 교육을 통해 전문 상담사 양성 및 고객 유치,1,타겟 별 판매 가격개인 고객: 80000원/월/명태블릿 PC 프로모션 진행)공교육 기관: 16000원/명/학기사교육 기관: 15000원/월/명 (대형 모니터 프로모션 진행)청소년 지역센터: 10000원/월/명(대형 모니터 프로모션 진행),1,플랫폼 개발 BtoB BtoC BtoG 채널별 마케팅 전략 수립플랫폼 개발: 빅데이터 기반의 사용자 맞춤형 교과 커리큘럼 플랫폼 개발공통마케팅 전략: 기업 SNS(카카토록 채널 블로그 인스타그램)를 통한 홍보글 게시 자사 홈페이지 배너를 통한 광고 게시 마케팅 업체 제휴를 통한 키워드 마케팅 앤써통(학원정보전문잡지)을 통한 지면 광고 조선일보(공동 사업 체결)를 통한 인터넷 및 지면 광고글 게시 투자기업 인프라를 통한 수요처 발굴BtoB: 해오름커뮤니케이션즈 한국학원대학교를 통한 온라인 설명회 개최 지역 학원 대상으로 진로교육 설명회 진행 및 지역 네트워크 형성 영업 인력 활용 체험단을 통한 입소문 마케팅 주기적인 인력 파견을 통한 사후 관리BtoC 체험단 운영을 통한 입소문 마케팅 태블릿 PC 프로모션을 통한 마케팅 학부모 컨설턴트를 통한 고객 피드백 확보BtoG : 공교육 프로모션 교육청 입찰 사업 참여,0,특허 영업 인력 자금 확보 기업 인프라 전략특허 : 본 아이템과 연관된 3개의 특허를 출원하여 진행중에 있음 기술임치제도를 활용하여 현재 기술보호에 있음.영업 인력: 영업 본부장 및 영업 총괄팀장의 인프라를 활용하여 외부 영업 진행 자금 확보 : 현 SEED 투자자의 인프라를 통한 추가 자금 확보 VC를 통한 투자 유치 매출액의 일정 부분을 본 아이템에 투자하여 자금 확보기업 인프라 : 현 가맹 학원의 인프라를 이용하여 지역 마케팅앤써통(학원전문정보잡지)를 통한 광고 진행 한국학원대학교 강의를 통한 인프라 구축,0,숙명여자대학교 산학협력단 주식회사 프리코숙명여자대학교 산학협력단 : 다음커리어의 자문위원으로 본 아이템 개발 자문 및 자체 커리큘럼 보완 자문주식회사 프리코: SEED 투자를 통한 협력관계 인프라를 이용한 투자처 및 고객확보 용이,0,제품 개발 인건비 광고 선전비 및 일반 판매관리비제품 개발비 : 기존 플랫폼 고도화 1억원 본 아이템 개발 2억원 기존 및 신규 플랫폼 유지 비용 1억원(서버 증설 일부 외주 비용 등)인건비: 내부인건비 2.5억원(임직원 및 영업인력 등) 외부인건비 1억원(자문위원단 자문비 및 일부 외주 비용 단시간 근로자 임금 등)광고 선전비 및 일반 판매관리비: 초기 체험단 확보 비용 8천만원 마케팅 외주용역 1억원 홍보영상 및 홍보물 제작비 : 1억원 기타 운영비 및 판관비: 7천만원,0
76,,,더클랩,고객의 고객 그룹 영업 절차 구분 높은 영업 효과1) 제조업 기반의 중견/대기업2) 본사 소재지가 지방인 제조업 기반의 중소기업3) B2B O2O 스타트업4) 프랜차이즈 업체,1,영업 정보 자산화 영업성과 향상 영업사원 관리 영업사원 맞춤 교육/컨설팅 고객정보 단일화 모바일 사용환경 SaaS Cloud1) 영업 정보 자산화 : 영업사원이 퇴사해도 영업정보의 보존 및 자산화가 가능하고 고객이탈을 예방할 수 있음.2) 영업성과 향상 : 영업 대상 고객의 Needs 분석 결과와 관리자 피드백을 통하여 영업사원의 효과적인 활동을 지원함.3) 영업사원 관리 : 재택 근무 리모트 워크 등 영업사원이 출근하지 않아도 누구에게 어떤 목적으로 어떤 활동을 했는지 세부내용 확인이 가능함.4) 영업사원 맞춤 교육/컨설팅 : 영업 성과가 높거나 낮아도 영업 목적과 채널 등 영업성향 및 영업 역량에 따라 개별/그룹 맞춤 교육/컨설팅이 가능함.5) 고객정보 단일화 : 시스템을 통해 고객정보를 단일화 관리하는 구조로 영업사원이 독단적으로 고객정보를 확보/활용하는 것을 예방하고 지속해서 고객정보의 최신성을 유지할 수 있음.6) 모바일 사용환경 : 쉬운 사용법과 이동 중에도 사용 가능한 UI를 적용하고 SaaS 서비스 환경과 Cloud 구조로써 일지에 대한 부정적 인식을 쉽고 편리하고 도움되는 도구라는 긍정적 인식으로 전환. - 일지의 부정적 인식 : ‘업무를 위한 업무’로 시스템 사용법이 어렵고 사무실에 들어와야 작성이 가능한 사용환경으로 시키니까 어쩔 수 없이 해야하는 업무라는 인식.7) 메타버스 플랫폼을 통해 시간/거리 한계를 넘은 세일즈 활동 수요 기업,0,정부지원사업 바우처 제공 스타트업 지원 영업 교육 콘텐츠 서비스 이용후기 콘텐츠 구글 애드센스 네이버 검색 광고 강연1) 정부의 영업/마케팅 지원사업에 바우처 공급업체로 참여하여 B2G2B 형태의 중소기업(스타트업)을 대상으로 서비스 인식 및 이용경험 확대.2) 영업 관련 교육기관이 부재함에 영업 실무 교육 콘텐츠를 제작하여 네이버 블로그 페이스북 유튜브 등 채널을 활용하여 세일즈로그 서비스 내용과 함께 퍼블리싱 진행.3) AARRR 방법론에 따른 성과 측정을 통해 블로그 소셜미디어 등 채널에 대한 AB테스트를 병행하여 디지털 마케팅 효과를 지속적으로 개선4) 외부 강연/교육 등을 통해 세일즈로그 제안 가치를 언급/전달,0,인식/선호도 향상 고객 확보 고객 이용율 향상 고객 유지1) 인식/선호도 향상 : 실무 성공 사례와 <가치제안> 내용의 인식을 높이고 선호도가 향상되도록 마케팅 활동 추진 및 핵심 파트너를 통한 직접적 선호도 제고. 2) 고객 확보.① 기업 컨설팅 활동과 연계 또는 핵심 파트너를 통해 직접적인 고객 확보를 지원 받고 이용자의 성공사례 기반의 유사업종의 고객 확보.② 정보의 바우처 지원사업 공급자로 참여하여 고객 이용경험 및 고객 확보.3) 고객 이용율 향상① 인적 네트워킹을 활용하여 중견/대기업의 최고 관리자를 통한 서비스 도입 확대② 이용자 기업의 영업/컨설팅 지원을 통해 세일즈로그 서비스를 통한 관리 정책 수립③ 실사용 데이터 기반의 지속적 UX 개선 및 사용성 혁신 활동 추진4) 고객 유지① 워크그룹(회사) 별 영업사원의 SPI(Sales Performance Index 영업활동지수)를 시스템을 통해 관리자에게 제공하여 재무실적 외 영업 활동에 대한 역량 평가를 지원함.② 워크그룹 별 지속적으로 세일즈로그 이용 성과를 인식할 수 있도록 정례적 영업활동 분석 보고서 제공.③ 글로벌 진출 등 영업 활동의 물리적 한계를 넘어서는 메타버스 세일즈 플랫폼과 통합/연계하여 서비스의 패키지화 추진.,0,서비스 사용료 3단계 과금 플랜 애플리케이션 서비스 이용요금 배너광고(MRO) 비즈니스 커머스 상품 판매 수수료1) 세일즈 협업 툴 ‘세일즈로그’ 이용요금(부가세 별도) - 단일 요금으로 한솔 LS 그룹 등 서비스 공급 중으로 3단계 플랜으로 확장 예정 - 플랜C : 12000원 (Web Only 워크그룹 최대 2개) - 플랜M : 34000원 (All Device 워크그룹 최대 10개 관계망 제공           SMS 발송 1천건 지원 저장공간 5Gb 제공) - 플랜Y : 89000원 (플랜M 모든 기능 워크그룹 무제한 SMS 발송 3천건 지원           저장공간 1Tb 지원 메타버스 솔루션 이용)2) LS 한솔 KT LG 등 대기업 그룹 교육/컨설팅 자문에 대한 고정 수익모델 보유3) SMS 등 애플리케이션 연동 부가수익4) 고객 인트라넷 연동 구축 수익5) 메타버스 솔루션 내 애플리케이션 연동 부가수익6) MRO 관련 광고수익,0,자연처처리 AI엔진 고도화 데이터 정제/가공 데이터 마이닝 중소기업(스타트업) 영업1) 워크그룹에 등록된 일지 기반의 영업 정보의 자산화를 위한 데이터처리 역량 강화2) 영업 정보의 정제/가공을 통한 산업/업종의 데이터 자산 확대3) 교육/컨설팅과 연계한 중소기업 신규 이용자 유치,1,서비스 개발 인력 운영자금 확보1) GTP-3 데이터마이닝 WebGL 등 AI 메타버스 서비스 개발을 위한 인력 및 인프라 확대2) 핵심 활동 및 핵심 파트너 관계 강화를 위한 운영자금 확보,1,기업정보 검색 영업사원 교육 영업 조직 컨설팅 뉴스레터 서비스 사업자1) 기업정보 데이터 사업자(KIS NICE 등)가 보유한 기업정보를 세일즈로그 서비스에서 유/무상의 사용환경 제공2) 기업 교육/컨설팅 업체 한국생산성 본부 등의 교육/컨설팅 내용과 연계한 세일즈로그 서비스 소개 및 추천3) 중소벤처기업 SBA 스마트제조혁신협회 테크노파크 창조경제혁신센터 등 기관 제휴와 단체 협력을 통한 서비스 제공 확대4) 영업사원이 세일즈로그를 사용하면서 유/무상이 뉴스레터를 모아볼 수 있는 사용환경 제공,0,제품(서비스) 개발 인건비 콘텐츠 제작비 디지털 마케팅비1) 제품(서비스)의 연구/기능 구현을 위한 인력의 인건비2) 영업 실무 관련 교육 콘텐츠 제작비3) 디지털 마케팅/광고비(마케팅 인력의 인건비 포함),2
77,,,딥파인,타겟 고객의 문제/요구/얻고자 하는 혜택 시장 크기 시장 종류(새로운 시장 기존시장 등)1) 예비 자동차 구매 고객2) 자동차 판매 기관3) 자동차 신제품 판매 홍보 채널4) 비대면 VIP 대상 쇼핑5) 비대면 차량 사후 관리 고객,1,고객의 문제/요구 해결안 차별화 포인트(고객이 구매해야 하는 이유) 경쟁사1) 제품 판매 딜러 : 온라인에서 설명이 가능한 실감형 콘텐츠와 실세계 결합 플랫폼제공2) 제품 판매 기관 : 자체 메타버스 플랫폼 제공으로 고객 확보3) 최종 구매 의사 고객 : 스마트폰 및 PC환경에 다자간 인터랙션 플랫폼 앱 제공4) 경쟁사 : 혼합현실 기기를 활용한 메타버스 플랫폼은 시장 초기단계이므로유의미한 경쟁사가 국내에 존재하지 않음,1,직접 판매 간접 판매 (대리점 활용/유통 업체 활용 등)B2B영업 직접 판매 MWC와 같은 CLevel이 참여하는 글로벌 전시회 참여 해외영업 파트너(독일 미국 등),2,고객 확보 전략(마케팅 전략) 고객 유지 전략:고객 확보 : 글로벌 기업 Open Innovation프로그램 활용 현대 자동차 그룹 투자유치를 통한 네트워크 확보 글로벌 기업과의 네트워크(구글 아마존마이크로소프트)를 통한 글로벌 기업 컨택,2,판매 가격 예상 매출/손익 구매 방법(일시불/구독/라이센스 등)Cloud 모델 : 1 딜러당 월 5만원2022년 예상 매출 : 50억 영업이익률 35% (영업이익 약 17.5억)증강현실 콘텐츠 제작 비용 : 건당 5000만원 * 10여,2,제품 개발 제조 판매를 위한 주요 활동비대면 쇼핑플랫폼 개발 자동차 산업 기업 영업,2,지적 자원(특허 등) 주요 인력(개발 영업 제조) 자금 확보 전략 인프라 확보전략(공장 등)증강현실과 인공지능에 관련된 특허 4개 등록 1개 출원 영업 경력 10년 이상 경력인력 4명 보유,0,제품 개발 제조 판매를 위한 주요 파트너/필요성해외 시장 진출을 위해 메르세데스 벤츠 및 마이크로소프트의 육성 스타트업으로선정되어 유럽시장과 미국시장 진출을 위한 주요 파트너 확보 완료,1,제품 개발 제조 판매를 위한 비용 내용 (인건비 투자 재료비 등)플랫폼 고도화 개발 비용(소프트웨어 개발 인건비)초저지연 통신을 위한 5G Mobile Edge Computing Cloud 사용료증강현실 콘텐츠 제작을위한 외주 수수료,1
78,,,루나랩스,타겟 고객의 문제/요구/얻고자 하는 혜택 시장 크기 시장 종류(새로운 시장 기존시장 등)1) 대기업 중견기업 제조업체(노동 의존적인 공정)2) 중소제조업(다품종 소량생산)3) 스마트 팩토리 공급업체4) 로봇 및 로봇비전 공급업체,2,고객의 문제/요구 해결안 차별화 포인트(고객이 구매해야 하는 이유)1) 공정 자동화를 통한 생산성 향상 품질 향상2) 근로자의 근로 환경 개선3) 시뮬레이선을 통해 안전하게 로봇 제어 및 작업교시가 가능2) 딥러닝을 통해 생산적이고 효율적인 최적화된 공정을 산출3) 시행착오를 최소한으로 줄이며 그에 따른 시간과 비용을 절감,1,직접 판매 간접 판매 (대리점 활용/유통 업체 활용 등)로봇 대리점 일부 고객사를 유통 채널로 활,2,고객 확보 전략(마케팅 전략) 고객 유지 전략:1) 대기업 협력사에 자사 제품 납품하여 공정 자동화 구축2) 해당 업체의 모범 표준 사례로써 대기업으로부터 인증을 받음3) 해당 업체를 유통 채널로 하여 대기업의 다른 협력사에게 자사제품 마케팅,2,판매 가격 예상 매출/손익 구매 방법(일시불/구독/라이센스 등)봇아이(자사 제품) 판매 수익 공정 자동화 컨설,2,봇아이(자사제품) 개발 판매하기 위한 주요한 활동딥러닝 영상인식 메타버스 로봇제어 등의 관련 기술 개발 로봇제어 UX/UI 개발관련 기술 교류 특허 포트폴리오 구축 전문인력 채용 홍보 활동,2,기술력 지적 자원(특허 등) 주요 인프라 공급처 확보 전략로봇제어 기술 H/D와 S/W의 연동 개발 노하우 3건의 특허 테스트 배드 장소 확보공급처를 유통 채널사로 협약,2,봇아이(자사제품) 개발 판매하기 위한 주요한 협력사 혹은 단체로봇비전(머신비전) 제조 회사 로봇제조 회사 데이터 가공 회사스마트팩토리진흥원 로봇과 비전관련 언론 로봇제어학회,2,제품 개발 제조 판매를 위한 비용 내용 (인건비 투자 재료비 등)로봇 제어 S/W 개발비 테스트배드 구축비 로봇 및 로봇비전 구매비,2
79,,,모과플레이,코로나로 인한 영상시간이 늘어남에 따라 문제점은 더욱 확산 줄어들수는 없는 현실- 코로나19 확산 이후 키즈 콘텐츠 수요 급증 (초 중 개학 연기와 맞물려 이용률 10% 증가) - 유튜브 내 교육〮학습 콘텐츠 매일 5억 회 이상 조회 수 기록 매년 지속적인 성장- 국내 2019년 유튜브 키즈〮교육 콘텐츠 시청 시간 전년도 대비 95% 이상 증가- 2020 NPR 조사 “온라인 동영상 시청 시 유튜브를 이용한다.” (93.7% 그렇다 응답),1,아이들의 영상습관 간섭과 감시가 아닌 관심과 공유를 통해 스스로 영상습관을개선할수 있도록 영상환경은 반드시 필요하다. 1) 아동 : 불필요한 영상의 접근은 방지하되 제한된 영상에서 시청하는 것이 아닌  아이가 즐겨보는 영상을 실시간 시청 가능2) 부모 : 아이의 취향을 공유하고 존중하면서 상대적 데이터를 정보 획득3) 공공기관 : 코로나로 인해 심각해지는 영상과의존에 대한 상담센터 연계를 별도  홍보가 아닌 직접적인 영상플랫폼에서 연계해줌으로써 보다 쉽게  접근가능4) 특정인원/기관 : 공개된 유튜브가 아닌 독립된 공간제공으로 권한을 부여받은  인원만 해당 영상을 시청함으로써 불필요한 접근을 방지하고  집중도 있는 영상시청으로 필요성 강화5) 크리에이터 : 크리에이터별 쇼핑몰 연계 및 독립공간 제공,0,구글플레이를 통한 판매자체 디자이너가 제작한 인스타그램 홍보 및 블로그 카드뉴스 제작유튜브영상 제작으로 모과플레이 유튜브영상 업로드,2,맘카페 홍보 및 크리에이터 홍보활동중인 맘카페를 통한 홍보진행 및 뉴스기사화 / 인스타그램크리에이터가 직접 홍보해줌으로써 적극적 진출 대응,2,유튜브 광고 정책과는 별도의 아이머그 광고 수익 또는 차별화 정보제공 유료화1) 광고 수익 예측- 1일 평균 영상 시청 시간 : 2시간 35분(출처:나이스미디어) - 1일 평균 시청 콘텐츠 수 : 16회(평균 10분) - 평균 광고 입찰 단가 CPV 10원- 평균 DAU (총 회원 수 40%) 82851명 x 앞뒤 광고 32회 x 30일 x 10원- 월간 누적 광고비 : 795369600원2) 차별화 정보제공 유료화- 자녀활동보고서의 빅데이터를 무료서비스와 유료서비스로 구분하여 제공- 유료서비스의 경우 좀더 구체적이로 다양한 정보를 획득- 크리에이터들이 제공하는 콘텐츠를 활용해 해외 팬(Fan)을 타겟으로 한 유료 교육  플랫폼 서비스를 제공할 수 있으며 플랫폼은 이미 개발된 상태- 한국어 자막/발음 연습 등 어학원에서 운영하는 수준 이상 서비스를 제공하며  유료화 서비스로 진행가능,0,온라인플랫폼 리뉴얼개발과 마케팅 집중활동오픈무료서비스에서 리뉴얼개발을 진행중이며 리뉴얼 오픈베타서비스 전 마케팅 적극 활동 및 사용후기를 통해 피드백 개선,1,지적 자원(특허 등) 주요 인력(개발 디자인 자문위원)플랫폼에 직접적인 사용이 되는 특허1개.출원1개.상표권4개/ 남동생이 10년경력 CTO이며 디자이너와 유아교육교수님를 자문위원으로 구성되어 있어 플랫폼에 적합한 인력으로 구성,1,영상관련문제점에 해결을 위한 심리상담부처 및 상담인력보유사유아교육관련 전문가 및 상담사.스마트쉼센터 상담센터.여성가족부/과학기술정보통신부,1,개발.디자인.인건비/개발디벨롭을 위한 전문외주용역/ 마케팅에 필요한 마케팅 비용/관련 프로그램 특허비용- 프로그램 운영 및 보수를 위해 인건비 지출- 아이폰 또는 상황별 디벨롭을 위한 전문인력을 필요로하는 외주용역- 리뉴얼 이후 베타서비스에 맞추어 마케팅 집중- 시력보호 및 미래직업추천 (AI) 기반 관련 플랫폼에 필요한 직접 프로그램 특허,1
80,,,밍글톡,외국어 학습자 외국어 전문가1. 영어 회화 학습자2. 토플 토익 스피킹 점수 필요한 학생 직장인3. 한국어 학습자4. 기타 외국어 학습자5. 외국어 교사 및 강사,2,영어(외국어) 말하기 시장의 규모대비 마땅한 플랫폼 부재1. 강의 화상 영어 발음 교정의 틀에서 벗어나 학습자 스스로 훈련 및 연습2. 학습 ‘과정’ 과 ‘결과’ 를 AI가 객관화되고 정량화된 수치로 관리3. 개인 학습으로 끝나지 않고 커뮤니티를 구성하여 온/오프라인에서 함께 연습(경쟁과 협력으로 학습 동기 및 결과 제고)4. 일반 사용자의 무료 이용으로 빠른 확장성 – 자연스러운 강사/교사 유입5. 언어 학습을 넘어서 다양한 관심사를 공유하는 커뮤니티 App으로 확장6. 업체가 제공하는 한정된 콘텐츠가 아닌 학습자가 제한 없이 제작 가능,1,직접 판매안드로이드 iOS 유튜브 페이스북,2,고객 확보 및 고객 저변 확대고객 확보: 일반 고객 위한 어플리케이션 무료 사용고객 저변 확대: 홍보 동영상 제작 및 배포 (유튜브 인스타그램 대학 동아리,2,광고 LMS(Learning Management System) 구독모델1. 어플리케이션 광고 수익2. 학생을 고객으로 관리하는 교사/강사들에게 LMS 제공하여 수수료 수익3. 향후 유료화 버전 개발을 통한 구독료 수익,2,제품 개발 마케팅 기획어플리케이션 개발 홍보 동영상 기획 및 제작,2,개발 인력 투자자 그룹개발 경험이 풍부한 인력과 필요 자금 지원 가능한 파트너들,2,개발자 외국어 교육 전문가 마케팅 전문가 투자자1. 어플리케이션 개발인력2. 외국어(영어) 교육 효과 제고위한 전문가 그룹3. 제품의 시장 안착과 고객 저변 확대4. 안정적인 제품 개발과 경영 활,1,제품 개발 마케팅 서버 사용 API 사용어플리케이션 개발비 마케팅 인건비 서버 유지 및 증설비 번역 API 사용료,2
81,,,벳플럭스,1) 동물병원 원장2) 동물병원 수의사3) 반려동물 보호자4) 제약회사 사료회사 등의 반려동물 관련회사반려동물 의료시장의 데이터 확보를 통한 반려동물 시장 전반의 데이터 제공,1,효율적인 반려동물 진료 업무와 반려동물 건강관리 데이터 수집1) 동물병원 : 동물병원의 가치전달 과정의 간소화 및 자동화를 통한 고객의  고객의 재방문율 증대 2) 소비자(반려동물 보호자) : 동물병원 방문 후 비대면을 활용한 반려동물 건강관리3) 제약 사료회사 등 B2B : 마케팅을 위한 정확한 반려동물 데이터 수집 가능  : 효율적인 CRO 수행을 위한 타겟 서치 가능,1,수의사 폐쇄 네트워크대표가 수의사 출신으로 수의사 폐쇄 네트워크 접근동물병원 영업/ 마케팅 진행을 통한 동물병원 내원 고객 홍보,2,동물병원 수의사 동물병원 이용 고객1) 동물병원 영업을 활용한 동물병원 수의사 유치 : 세미나를 통한 가치 전달  폐쇄 네트워크를 활용한 영업진행2) 반려동물 보호자 : 온라인을 활용한 홍보 동물병원 방문시 영업 동물병원의  문자메세지 수신시 노출 ,1,메신저 사용료 플랫폼 광고료 데이터 판매수익1) 동물병원을 대상으로 하는 메신저 사용료 – 구독모델2) 문자메세지에 사용되는 광고료 책정 – cpc 16원대 예상3) 반려동물 시장 조사 등을 통한 데이터 및 데이터 리포트 판매수익,2,메신저 제공동물병원 수의사의 업무프로세스에 적합한 자동 메신저 제공과 병원 방문목적 이용내역등의 핵심데이터 수집을 통한 반려동물 CRO타겟 서치,2,주요인력(개발자 디자이너 영업) 지적 자원(컨텐츠 및 IP)  고객 (B2B B2C등)팀빌딩(개발자 인원 2 UXUI디자이너 대표가 영업 담당) 지적 자원(수의사가 생성하는 반려동물 컨텐츠 제작 (현재 100여개 사용 중) IP출원 1개),1,동물병원 반려동물 보호자 제약회사반려동물 보호자와 동물병원의 커뮤니케이션을 활용한 핵심 데이터 수집과 판매 수행 : 현재 동물병원 영업 수 21개 이용자 수 약 5000여명 보호자 커뮤니티 내 1000여명 핵심 데이터 판매를 위한 수요처 : GC녹십자 대웅제약외 컨택,0,인건비 문자메세지 비용 서버 사용료 등의 판관비 마케팅 비용1) 개발 인력 및 운영인력에 대한 인건비 지출 2) 문자메세지 사용료 – 개당 5원 책정3) 서버 사용료(일정 사용자 수 이상일 때) 사무실 임차료 등의 판관비 4) 마케팅 및 영업비용,2
82,,,벽촌,1 시간과 비용의 절감 2정보의 효율적 취득 3 법률업무의 효율성 제고| 중소형 로펌 소속 변호사 개인 변호사1 변호사는 각 40~50건의 사건 진행 中2 각 사건별 3~4일의 시간을 필수자료조사를 위해 소비3 시간과 비용의 절감 절실4 정확한 레퍼런스 필수II 초년 변호사 지방 변호사 변호사 준비생(로스쿨 재학생 로스쿨 준비생)1 의무연수로만 변호사 업무 관련 정보를 취득2 인적 네트워크가 형성되기 전의 상태3 불확실한 미래에 대한 멘토 필요III 기업 법무팀 직원 법률사무 종사자1 변호사의 업무 지원2 정확한 법률용어를 몰라도 효율적 검색 필요,0,1필수자료조사를 위한 시간과 비용 절감2 인적 네트워크 형성3 자연어처리로 검색 효율 제고| 필수자료조사 시간 비용 절감13~4일 소비하는 필수자료조사을 1~2일 감소2 추가 수임을 통한 수익 증대II 인적 네트워크 형성1정보의 비대칭 해소2 정서적 외로움 해소III 자연어 처리를 통한 검색 효율 제고1 키워드 검색이 아닌 자연어 검색으로 정확히 일치하는 용어가 아니라도 법률 정보 검색 가능2 유사 질문 검색으로 검색 시간 감소,0,회원유치 및 서비스의 레퍼런스 확보1 대한변호사협회 각지방회 한국청년변호사 협회 등 변호사 단체2 법률 전문 매체3 유명 변호사 SNS 변호사 유튜버4 로컬 변호사 동호회 출신학교 변호사 단체채팅방 등,1,변호사에게 필요한 지식과 정보 제공 서비스 인적 네트워크 형성을 위한 서비스1 다수 회원 확보로 신속하고 정확한 Q&A 서비스2 연관 Q&A 검색3 채용정보 법령소식 등 빠른 정보 구독 서비스4 동호회 연수정보 등 커뮤니티 기능,2,정보이용료 컨설팅비 등1 월이용료: 초기 변호사 회원 5000명 유치 월 10000원2 심화 상담 수수료: 월 20명 각 2만원3 채용광고: 월 10기업 각 50만원4 채용 수수료: 월 1명 연봉의 8% 수준,1,플랫폼 개발1 다수 변호사 회원 확보2 질문 답변 업로드에 대한 보상 시스템3 컨설팅 및 공동수임을 위한 시스템4 정확도 높은 검색엔진5법령정보 부처별 질의회신 등 데이터 확보,1,1 플랫폼 개발을 위한 내부 자원2 홍보를 위한 외부 자원| 내부 인적자원1 개발자2 디자이너3 데이터관리 운영자 4 게시판 QA 담당자 5영업 홍보II 외부 홍보 인력1대한변호사협회 지방변호사회 한국청년변호사협회 등 변호사단체2전국 법학전문대학원(로스쿨)3 법률 전문 언론사,0,플랫폼 회원 유치 잠재적 고객 확보 홍보 Q&A 답변 등 업무 협조 공공정보 활용1대한변호사협회 지방변호사회 한국청년변호사협회 등 변호사단체2전국 법학전문대학원(로스쿨)3 법률 전문 언론사4 로펌 법률사무소5 법제처 등 기관,0,1개발비 2고정비 3변동비1 개발비1 초기: WEB/APP 플랫폼 개발2 중기: 고도화 작업에 따른 1:1 컨설팅 프로그램 자연어 처리 검색엔진 개발|| 고정비인건비 사무실 임대비용 등III 변동비1 마케팅 비용: 변호사협회 법학전문대학원 법률 전문 매체 등2콘텐츠 제작비용 : 법령정보 법령소식,1
83,,,볼트앤너트,빠르게 발주를 해야하는 고객( )▶ 기계제작(자동화 포함)▶ 건설자재 업체▶ 기타 부품 제조 업체▶ 연구실 실험실▶ 대학교/공기업▶ 의료기기 제조업▶ 시제품 제작이 필요한 스타트업 및 기타 기업,1, 견적-발주 비대면 온라인화로 편리한 서비스 구성▶ 발주처 : 즉시 견적 견적을 받으러 수일동안 여러 업체 연락할 필요가 없음▶ 발주처 : 견적에 따라 편하게 온라인으로 발주(기존에는 별도 문서 작성 필요)▶ 발주처 : 품질/납기 보장에 따른 정량적 확실한 보상(기존에는 피해보상금 물리는 심적 부담이 컸음)▶ 수주처 : 전환도 되지않는 불필요한 견적 업무로부터 해방 ▶ 수주처 : 협력처끼리 가격 비교하며 과도한 가격 인하 압력에서 해방,1,키워드 마케팅 및 영업▶ 네이버/구글 기술 영업 TF 구축 직접 판매위주로 시스템 검증 ▶ 이후 전국 산단내 임시 영업부스 설치 ,2,뉴스레터 및 제조전문가 상담서비스▶ Acquisition : 네이버/구글 키워드 + 카톡방 홍보 등▶ Activation : 홈페이지 내 프로모션(의뢰 시 기프티콘 증정 등)▶ Retention : 품질/납기 보장 +도면 검토 서비스로 전문가 제조 상담▶ Revenue : 빠른 온라인 결제 시스템 구현▶ Referral : 지인 회원가입에 대한 마일리지 증정,1,수수료 베이스 에스크로 시스템▶고객 결제->볼트앤너트 수금->매칭파트너에 업무 완료 후 결제금 지급(볼트앤너트 수수료 5-10% 책정)+추후 부품 및 부가서비스 판매,2,자동견적->적합업체매칭->결제및발주▶ 온라인상 도면을 분석하여 즉각적으로 해당 도면에 대해 견적을 내주고 업체의 기술별/CAPA별 여러 요소를 분석하여 최적 업체에 매칭함,2,도면 분석 및 견적 도출 능력 ○ 우수 가공 업체 네트워크▶ 즉시 견적으로 일감을 주기 때문에 견적 알고리즘의 정확도가 중요▶ 우수 가공업체를 많이 가지고 있어야 늘어나는 일감 감당 가능,2,꾸준하게 가공 일감을 수주 하고 싶은 가공업체 ▶ 경력 20년 이상 전문 가공업체. CNC(3축 5축)/NC/MCT 등 확보,2,비용 구조 항목과 관련된 키워드를 작성합니다. ○인건비▶개발/영업/마케팅/엔지니어링/DB관리/디자이너○판관비▶마케팅(네이버구글 등)/영업수수료○기타 고정비▶임대료/서버비/부가서비스(협업툴 등)○운영비▶식비/기자재구입비 등,2
84,,,비글로우,1. 소비자 : 30대 여성2. 아티스트 : 힙합 아티스트부터 아이돌까지 확장3. 브랜드 : 패션으로 시작하여 악기 인테리어 소품 음료 등으로 확장1. 소비자아티스트 팬층은 지하철 생일광고처럼 자신의 아티스트를 적극적으로 홍보하고후원하고자 하는 욕구가 큰 집단입니다. 브랜드와 아티스트의 협업은 팬층의소비욕구를 자극시키며 그동안 굿즈 구매에 머물러왔던 아티스트 후원을 다양한커머스 제품으로 확장하여 제품구매에 따른 만족감 또한 높아집니다.2. 아티스트본인의 문화적 영향력을 창작에 필요한 수익으로 전환하고 싶으나 제품 제작이나팬들에게의 홍보가 어렵고 이미지 방어 차원에서 진행하기가 어려웠습니다.라이브앳을 통하여 아티스트들은 마음껏 자신의 컨텐츠를 통해 수익을 확보할 수있습니다.3. 브랜드다수의 중소규모 아티스트 소속사들을 한번에 모아 정보를 제공할 수 있는플랫폼의 부재로 그동안 아티스트와 커머스 브랜드와의 협업은 굉장히 적게이루어졌습니다. 라이브앳을 통해 커머스 브랜드는 자신이 원하는 타겟 고객을팬층으로 보유한 아티스트 혹은 자신이 원하는 이미지를 가진 아티스트를 만날수 있음으로써 광고효과를 높일 수 있습니다.,0,1. 커머스 브랜드 : 아티스트 문화적 영향력을 활용한 브랜딩 및 커머스 매출 증대2. 아티스트 : 브랜드 협업을 통한 충분한 수익 획득1. 커머스 브랜드커머스 브랜드들은 드라마 등 다양한 컨텐츠에서 PPL 등을 활용한 광고를진행하고 있으나 콘서트의 경우 정형화되어 있지 않고 중소규모 회사가 많아금액 책정 및 진행이 어려웠습니다. 라이브앳을 통하여 온라인/오프라인/VOD 등통합적인 아티스트 광고가 가능함으로써 아티스트 이미지를 활용한 브랜딩과광고효과가 가능합니다.2. 아티스트단순 오프라인 위주로 발전해왔던 음악 시장을 온라인으로 전환하며 광고주와의연결을 통하여 높은 수익을 발판으로 양질의 컨텐츠를 지속 창작할 수 있습니다.이는 아티스트가 창작에 집중하는 환경을 조성하고 국내 컨텐츠 경쟁력의기반으로 이어질 것입니다,0,아티스트 및 광고주 SNS 채널 활용아티스트와 광고주(브랜드)의 SNS 채널을 활용하여 자사의 마케팅비용을 절감하고다수의 시청자 및 고객을 확보할 수 있습니다. 인스타그램 유튜브 등 다양한 채널을통해 콘서트를 홍보하고 콜라보레이션을 통한 한정판 커머스 제품 발매를 통해브랜드 팬층을 흡수하겠습니다,1,아티스트를 통한 Pool 전략아티스트와 관객 중 아티스트를 유입시키면 팬들은 시청을 위해 자연스럽게플랫폼으로 유입되게 되므로 아티스트를 주요 영업 타겟으로 설정하고 있습니다.이후 라이브앳의 양질의 콘서트 송출과 팬들의 후원 욕구를 자극하는 커머스 상품판매를 통해 팬들의 플랫폼에 대한 충성도를 높이고자 합니다.,2,1. 콘서트 티켓 매출 수수료2. 제작대행 및 촬영/송출3. 광고 중개 수수료4. 상품 판매 수수료자사는 현재 온라인 콘서트를 통해 티켓 매출 수수료와 제작비 매출을 얻고있습니다. 약 20~30%의 송출 수수료를 받고 있으며 제작비는 구성에 따라100만원~500만원 사이의 제작비 매출이 일어나고 있습니다.향후 커머스 서비스를 통해 광고주-아티스트 중개 수수료 및 상품판매 수수료가발생할 예정입니다.,0,브랜드 콜라보레이션 콘서트 진행컨텐츠 커머스 시장은 초기 단계이며 아티스트 PPL 시장은 메인 중개 Player의부재로 발전하지 못하고 있는 상황입니다. 자사는 아티스트의 문화적 영향력과팬들의 후원 욕구를 커머스 매출로 전환할 수 있다는 명제를 광고주들에게 검증하기위하여 브랜드 콜라보레이션 콘서트를 진행할 예정입니다.이를 위해 우선적으로 스트릿 패션 브랜드와 힙합 아티스트의 콜라보레이션을진행하겠습니다. 힙합 팬층은 금전적 지출 및 커머스 연계에 가장 부담을 덜 느끼는팬층으로써 이들의 콜라보레이션으로 콘서트를 통해 높은 광고효과를검증하겠습니다.,1,양질의 컨텐츠 생산환경 아티스트 네트워크1. 양질의 컨텐츠 생산환경자사의 온라인 콘서트 플랫폼 라이브앳은 현재까지 높은 퀄리티의 촬영 및송출로 인정받고 있습니다. 현재 아티스트 활동경력이 많은 2명의 영상감독을통해 퀄리티를 유지하고 있으며 향후 공연의 대형화에 맞춰 지속적으로 양질의송출을 할 수 있는 고급 인력을 확보하겠습니다.2. 아티스트 네트워크음악업계는 네트워크로 움직이는 집단으로써 레퍼런스와 관계유지가 매우 중요한산업입니다. 특히 향후 자사가 진행할 콘서트 커머스의 경우 아티스트와 브랜드연결을 위해서 네트워크가 필수적입니다. 현재 아티스트 활동경력의 감독들이네트워크를 담당하고 있으며 양질의 콘서트 송출을 통해 네트워크를 지속적으로확장중입니다,1,업계 대형 파트너 네트워크 확보중컨텐츠 커머스의 성공을 위하여서는 시청자들이 자연스럽게 유입될 수 있는 양질의컨텐츠 확보가 최우선적인 과제입니다. 당사는 비아이돌 분야 국내 최고의 온라인콘서트 플랫폼으로써 다양한 업계 대형 파트너 네트워크를 확보하고 있습니다.1. ㈜엠피엠지 시드투자 및 공연MOU 국내 최대 페스티벌 보유사 및 소속사2. KT&G상상마당 온라인 공연 공동제작 연간계약 홍대 최대규모 공연장3. 유니버셜스튜디오 글로벌 최대 배급사 소속 아티스트 온라인 공연 지속향후 지속적인 컨텐츠 네트워크 확보에 최선을 다할 예정입니다.,2,라이브 송출 서버 비용 컨텐츠 제작비콘서트를 제작하고 온라인으로 송출하기 위하여 컨텐츠 제작비와 송출 서버 비용이가장 큰 비용요인입니다.컨텐츠 제작비에는 공연장 대관 무대 비용(조명 음향 무대미술 등) 섭외 개런티마케팅 비용 등이 포함됩니다. 라이브앳은 온라인 콘서트를 편히 오픈할 수 있도록대관부터 공연기획 홍보까지 전 분야를 한번에 대행하는 ONE-STOP서비스를운영하고 있어 아티스트가 편히 콘서트를 오픈할 수 있습니다.송출 서버 비용의 경우 앱으로 동작하는 타 서비스에 비하여 웹 기반으로동작함으로써 앱스토어 수수료(30%)를 절감할 수 있어 자사 서비스가 매우경제적입니다.,1
85,,,비프로,목표 고객일반 가정피아노 학원공연장,2,가격 시간 비대면인건비 절약시간조율 없음비대면 작업 수행,2,직간접 판매 대여초기 대여 및 무료 체험 으로 제품 홍보후 악기사에 대리판,2,고객 확보 홍보SNS 오픈마켓을 이용해 제품 체험 및 대여로 초기 홍,2,판매 대여제품 판매 혹은 대여로 수익 창출,2,제품 개발 판매기구설계 SW 개발,2,지적자원 인력제품관련 특허 출원1회 개발 연구원,2,제품 개발 유통 판매제품 개발 연구원 유통업체 판매대리 악기,2,제품 개발 제조 마케팅기구 설계 소프트웨어 설계 제품 홍보 마케팅,2
86,,,샵팬픽,크리에이터 IP거래소 전용 비즈니스 모델 구축- 크리에이터 전용 시스템 서비스 제공 크리에이터 IP를 활용하여 IP/현물/콘텐츠 등을 판매하는 크리에이터 전용 IP 거래 플랫폼.○ 크리에이터 IP거래소 서비스- IP등록 상품화 유통 사후관리 올인원 서비스,0,크리에이터 MCN의 지재권 관리에 대한 어려움- IP 무단도용 콘텐츠 무단도용 등 사회적으로 크리에이터 MCN들의 지재권 침해가 날로 심해지고 있지만 크리에이터와 MCN은 현재 IP등록 제작 등 관련 프로세스/시스템의 부재로어려워하고 있으며 IP관련 인프라를 구축해보려하지만 인원 비용 등 부담이 되는 상황이지만 자사와 공식계약을 통해 인프라를 활용한 IP제작 등록 상품화 플랫폼 서비스를 활용하여 현재 150명의 크리에이터 MCN의 IP를 자사가 공동 확보 및 관리를 통해 고객들의 지재권 권리 등을 보호.○ 크리에이터 수익구조의 어려움- 크리에이터 MCN 시장은 콘텐츠 방송 광고 등 수익구조가 단순화 불안정 유동성이 커 크리에이터들 MCN은 항상 불안해하고있으며 지속적인 수익구조를 구축하고자 IP관련 상품을내보지만 IP등록 제작 상품화 유통 재고관리 등 인프라를 구축하는데 매우 많은 비용과시간 개인정보유출 문제 등으로 수익구조구축이 아닌 단순 이벤트 형식의 상품 제작이 이뤄지고 있지만 자사의 올인원(IP등록부터 재고관리) 서비스를 통해 이벤트 형식의 상품제작이 아닌 지속적인 수익구조를 마련했으며 크리에이터 전용 미니샵 컨텐츠(시스템 서비스)를통해 크리에터만의 소통창구 및 수익구조를,0,자사몰 활용각종 SNS 트위치 아프리카TV 유튜브 카페 각 커뮤니팅 등,2,크리에이터를 좋아하는 팬덤이 주 소비자이며 초기 크리에이터의 방송(트위치TV 아프리카TV 등)과 유튜브 등의 매체를 통해 플랫폼 유입.- 팬덤 팬카페 등을 활용한 제품 판매 진행,2,5년 DB를 기반한 프로세스 인프라 IP를 기반하여 제품(굿즈 콘텐츠 메타버스 등) 기획제작하여 유통 사후관리까지 크리에이터 IP 올인원 서비스 제,1,현재 IP등록 계약 제작을 통해 IP를 확보하고 있으며 현재 진행한 커리어 노하우 기술 등을 통해 크리에이터 IP를 확보 중.- 대형 MCN기업(트레져헌터 채널좀비왕 EJN)과 협업을 진행하고 있으며 추가로 100명 이상을 계약 및 상품화 준비 중으로 확보한 IP거래 4차 기술을 접목한 국내 최초 크리에이터메타버스 콘텐츠 3D기술을 활용한 아이템 등 다양한 이벤트 콘텐츠를 제,0,IP 150개 상표권 13개 특허권 1,1,유통 제작 IP를 확보하기위한 약 10군데의 파트너사를 통해 5년간 사업을 진행해 왔으며현재 대형 MCN기업들과의 협업을 통해 IP확보 사업규모 확장 등 다양한 활동 진행.- 트레져헌터 채널좀비왕 ENJ※ 우리나라의 대형MCN으로 소속 크리에이터 IP제작 등록 상품화 등 다양한 방면에서 업무협력을 진행 중으로 IP거래소 입점.,0,구 분 자사비용구조제품 카테고리 수 137개스마트톡 원가 3720원휴대폰케이스 원가 7700원티셔츠 원가 9500원장패드 원가 10574원첫주문 후 배송기간 2~3주상시판매 1일,1
87,,,스코어스트리트,악기 실력 악기 보유 연주 경험 연령 성별 거주지 등으로 구분20대 중후반 여성으로 악기 경험이 있는 초보 연주 실력 보유자,2,음악 연주를 통한 개인 이미지 재고 및 연주의 즐거움 및 만족도 제공사업의 타겟으로 설정한 고객군에게 이롭거나 필요하다고 생각되어 정당한 보상을받을 수 있는 제품 및 서비스인지를 검증할 수 있습니다.,2,유튜브  SNS 채널 블로그  자사 홈페이지제작한 콘텐츠에 연관된 다양한 콘텐츠 제작하여 페이드 및 논페이드 마케팅 진,2,음악 콘텐츠 노출 및 스마트 악보 체험을 통해 선 사용 후 비용 청구 구조한번 악보 사용법에 익숙해지면 락인 효과 보,2,악보 판매 월 구독료 광고 유튜브 수익 부대 수입악보 판매 - > 카드 수수료 및 1차 저작권 정산 - > 2차 콘텐츠 저작권자 정산,2,플랫폼 및 솔루션 고도화 – 마케팅 활동 – 콘텐츠 공급자 관리- 콘텐츠 생산부터 최종 소비자에게까지 도달하기 위한 안정적인 벨류 체인 확보- 더 많은 사람들이 사용할 수 있도록 마케팅 활동- 플랫폼 및 서비스 고도화 진,2,자체 개발 스마트 악보 솔루션 플랫폼 콘텐츠자체 보유한 2000개 가까운 악보 콘텐츠 자체 개발한 악보 렌더링 엔진 및,0,음악인 학원 원장님 교육 기관 연습실 사장님 엔터테인먼트 업체 솔루션 업체- 콘텐츠 공급 및 안정적인 서비스 유지를 위한 솔루션 업체(PG사 등) - 자사 서비스 및 콘텐츠를 홍보하고 ,1,인건비 사무실 유지비 서버 사용료 이자 비용 저작권료 정산 금액BEP 달성을 위한 비용,2
88,,,스프레드와이,불필요한 결제 등 구독경제 소비자 문제 해결 합리적인 구독 이용료 온라인 판로 지원 구독시장 진입 장려 정기적인 수익 창출 매출 증대1) 지역 소상공인2) 구독 이용률이 높은 MZ세대,1,구독경제 소비자 문제 해결 소상공인 구독시장 진입 장려 지역경제 활성화1) 구독 소비자: 나도 모르게 빠져나가는 구독결제 관리 합리적인 가격에 구독이용2) 지역 소상공인: 온라인 판로로의 확장 구독 상품을 통한 정기적인 매출 소비자 구독 데이터와 상대적으로 이익 높은 사업체 데이터를 이용한 맞춤 컨설팅 지원,2,판매 중계 플랫폼 앱/웹 바이럴SNS(페이스북 인스타) 유튜브 영상 광고 네이버 블로그/카페 리뷰 소상공인 사업체 내부 포스터 ,2,입소문 지역 기반 자발적 고객 유치- 지역별 광고(대중교통 엘리베이터 지역 SNS)- 소상공인 사업체가 스스로 구독 고객 유치에 노력할 수 있는 이벤트 제공- SNS를 통한 바이럴 마케팅- 우리 동네 구독상품으로 소비자 호기심 자극,1,1) 중계 수수료 2) 광고료 3) 마케팅 대행 및 상품기획 컨설팅료1) 판매 중계 수수료: 상품 가격의 5% 내외 초기 0%로 진행   파티 중계 수수료: 파티장 제외 인당 500원2) 지역 광고료3) 맞춤 마케팅: 사업체의 상품을 선호할 만한 앱 사용자에게 광고 표출4) 구독 상품 컨설팅료: 사용되는 데이터의 양과 분석 시간에 따라 다를 예정,1,구독상품 판매 소상공인 제휴/모집 고객 유치구독 결제 및 상품 등록 시스템 개발 지역 소상공인 고객 영업 온라인/오프라인 마케팅을 통한 고객 유치,1,주요 인력(영업 개발 마케팅) 자금확보 전략 기술특허프론트 백엔드 개발자 각 1명 영업사원 1명 예비창업패키지 진행과 함께 벤처인증 및 자금조달을 위한 AC 투자유치 도전 구독 도입 및 컨설팅 시스템 기술특허,2,판매 유통 인프라 마케팅지역 소상공인 배달 대행 업체 전문 마케팅 스타트업,2,인건비 마케팅 그 외- 인건비: 개발(3) 경영(1) 마케팅(1)- 마케팅: SNS- 그 외: 서버 사무실 세무기장 대행,2
89,,,아더하프,1) 타겍 고객의 문제 및 서비스를 통해 얻을수 있는 이점2) 시장 종류 및 규모1) 국내 및 해외 반려인(1) 자사 서비스를 통해 반려동물의 건강 관리 및 질환 체크를 앱으로 편하게 함2) 동물병원(1) 비대면 진료에 필요한 정확한 증상 전달 및 에프터케어에 앱을 활용3) 반려동물 건강 관리 및 의료 소프트웨어 시장(1) 국내 및 해외 모두 초기 단계로 시장 규모가 아직 조사되지 않은 상태(2) 특히 영상을 기반의 반려동물 소프트웨어는 전세계적으로 1개정도의 앱이 있을정도로 희소함.4) 인공지능 기반 독립형 소프트웨어 시장(1) 전 세계적으로 성장하여 2023년 5억 1800만 달러에 이를 것으로 전망.(2) 연평균 42.2%의 고성장* 출처 : 마켓앤드마켓스,0,1) 반려인이 겪는 건강 관리의 어려움을 개선안2) 기존 건강 관리 앱에서 차별화3) 경쟁 소프트웨어1) 반려인(1) 반려동물의 신체 변화 및 건강을 앱에 기록하여 주기적인 건강 관리가 가능.(2) 반려동물에게 생기는 질환을 휴대폰 앱으로 간단하게 체크2) 동물병원(1) 비대면 진료의 한계점으로 여겨지던 진단 정확도를 자사 서비스를 활용하여개선할 수 있음.(2) 치료 후 에프터케어와 같은 기능에 가장 적합한 형태의 건강관리 앱3) 기존 건강 관리 앱과 다르게 영상을 기반으로 서비스를 제공하여 향상된객관성을 가짐.4) 수의사 연결 채팅 앱(1) 고객과 수의사를 연결하여 건강 관리에 활용(2) 연결에 시간이 소요되며 증상 전달 및 진단의 객관성이 낮음5) 기존 AI 기반의 질환 진단 앱(1) 사용자가 입력/선택한 항목에 기반하여 증상 파악 및 치료법 제공(2) 증상 전달 및 진단 객관성이 낮,0,1) 국내 반려동물 온라인 카페2) SNS1) ‘강사모’‘냥이네’와 같은 국내 반려동물 온라인 카페2) 유튜브 인스타그램,2,1) 고객 확보전략 (마케팅)2) 서비스 신뢰도 확보전략3) 고객 유지 전략1) 고객 확보(1) 국내 반려동물 온라인 카페에서 홍보(2) 소셜 마케팅(3) 헬스케어 업체와 협력한 이벤트를 통한 홍보2) 서비스 신뢰도 확보(1) 국내 수의과 대학원과의 협력 및 연구 과제 수행(2) 꾸준한 기술 관련 특허 확보(3) 식약처로부터 품목 허가 인증 확보3) 고객 유지(1) 질환 분석 부위 및 항목 추가로 관리 질환 확대(2) 커뮤니티 활성화를 통한 앱 사용시간 및 지속기간 증가,0,서비스 구매 형태 및 판매 가격 예상 매출/손익1) 서비스 구매 형태/판매가(1) 자사 서비스 월별 활용 정액제 형태(2) 초기 사용자 확보 및 유지가 중요하므로 월별 5000원에 무제한 사용인 저렴한가격으로 판매 예정.(3) 서비스 제공 신체 부위 및 질환 항목을 확대함에 따라 가격 변동을 예정함.(4) 추후 병원용 소프트웨어 개발 후 동물병원에 비대면 진료를 위한 보조소프트웨어 형태로 판매 예정2) 예상 매출/ 손익1) 국내 및 해외 반려인(1) 2022년 : 1억(2) 2023년 : 5억(3) 2024년 : 20,0,1) 자사 질환 영상분석 기술을 활용한 반려동물 건강 관리 플랫폼 개발2) 사용자 확보 및 수익모델 확대를 위한 종합 플랫폼 형태로 확장3) 초기 서비스 사용자 확보를 위한 마케팅1) 반려동물 건강 관리 플랫폼 개발(1) 질환 이미지/영상 데이터 수집 및 인공지능 학습으로 분석 모듈 개발(2) 앱 개발 및 분석 모듈 이식2) 반려동물 종합 플랫폼 형태로 앱 분야 확대(먹거리 분석/영상기반 건강 관리/커뮤니티)(1) 보유한 반려동물 먹거리 제품 데이터를 활용한 다양한 서비스 개발(2) 앱 디자인 및 개발3) 초기 사용자 확보를 위한 마케팅(1) 국내 반려동물 온라인 카페 및 소모임을 상대로 마케팅 진행(2) 강아지 눈 질환 관련 영양제 치료제 업체들과 협력을 통한 서비스인지도 확보(3) 동물병원 네트워크 확보를 통해 비대면 진료에 활용되는 가능성을 알리고인공지능 분석에 대한 심리 장벽 낮춤,0,1) 주요 인력 (인공지능 및 영상처리 개발)2) 수의사 네트워크3) 기술 확보 및 보호 전략4) 단계별 회사 성장에 도움이 되는 정부 과제 수행 경험1) 인력(1) 인공지능 및 영상처리 기술 개발 경험이 풍부한 박사급 개발 인력 보유(2명 (1명은 현재 고용 상태이며 1명은 대학원 박사 과정을 마치는대로 합류 예정)2) 수의사 네트워크(1) 서울대 건국대 출신의 수의사 2명과 교류 중.3) 기술 확보 및 보호(1) 질환 분석 관련 특허 출원 1개4) 정부 과제 수행(1) 2020년 2021년 총 3개의 과제를 수행 진행함,0,1) 반려동물 질환 이미지/영상 데이터 수집 및 질환 판별 R&D 개발을 위한 주요파트너/필요성( (1) 인공지능 분석 정확도 개선 (2) 질환 분석 부위 및 항목확대를 위한 R&D 협력)2) R&D 인력 확보 및 마케팅에 필요한 자금 확보를 위한 파트너1) 국내 수의학 대학원 연구실 (교수 연구원)(1) 반려동물 질환 연구에 활용되는 이미지 및 영상자료 지원(2) 영상기반 인공지능 질환 분석 신뢰도 테스트(3) 국내 R&D 지원사업 수행2) 동물병원 수의사(1) 임상을 통해 수집한 실제 반려동물 질환 이미지/영상데이터 지원(2) 비대면 진료에 활용 (에프터케어 증상 전달)위한 시스템 구축3) 중소벤처기업부 창업진흥원 농림축산부(1) 창업 지원 사업 R&D 사업 수행4) 투자 VC(1) 연구개발 및 고객 대응 인력 확충을 위한 자금 확보(2) 마케팅 비용 확보,0,1) 기술 및 서비스 개발을 위한 비용 내용2) 고객 유치 및 확보를 위한 비용 내용1) 기술 및 서비스 개발 비용 (총 8억원 예상)(1) 연구개발 (인공지능/영상처리) 인력(2) 고객 대응 인력(3) 앱 개발 및 관리 인력2) 고객 유치 및 확보 (총 2억원 예상)1) SNS 홍보 비용 (유튜브 인스타그램)2) 회사 소개자료 및 홈페이지,1
90,,,앱미디어 주식회사,모든 형태의 고객 학습자국내는 주로 학습을 원하는 고객 국외는 K-Contents를 원하는 여러 형태의 B2GB2B등의 교육콘텐츠와 B2C의 앱북다운로드 콘텐츠 학습,2,기존 종이책 전자책과는 다른 누구에게나 공정하고 공평한 학습기회 부여앱 다운로드 방식의 콘텐츠 제공방식으로 누구에게 공정한 학습기회 부여와자신만의 스마트 기기에서 언제 어디서나 평생 반복학습 가능한 형태의 콘텐츠,2,페이스북 인스타그램등의 SNS 홍보썸네일 이미지등을 통한 교육콘텐츠 효과 제공,2,재미있고 즐거운 교육용 콘텐츠 학습유아 및 MZ세대 시니어 세대등 교육콘텐츠의 불평등한 기회를 앱북을 통해 다양한고객들을 위한 콘텐츠 제공,2,동일한 비용 배분(IP 콘텐츠 크리에이터와 당사간의 이익배분)콘텐츠 수익배분(5:5) 콘텐츠내 광,2,재미있고 효과적인 교육 앱북화 콘텐츠 제공멀티미디어(VR 비디오 오디오 미니게임 퀴즈 및 링크연결을 통한 이벤트등)을활용한 인터렉티브하고 다이내믹한 교육 앱북화 콘텐츠 제작 및 제,2,고객들에게 제공될 양질의 교육콘텐츠현재 추진중인 태국어 콘텐츠처럼 양질의 교육콘텐츠의 I,2,다양한 교육콘텐츠 IP 보유자 및 콘텐츠 크리에이터당사는 콘텐츠 제공자(Content Provider)로써 좋은 콘텐츠를 제공받고자 합,2,콘텐츠에 따른 비용 설정기존에 판대되고 있는 콘텐츠의 경우 비슷하게 구성 옵션에 따른 금액 추,2
91,,,에스씨아이오에스(유),. 서비스의 잠재 고객은 6000만명2020년 GitHub의 조사에 따르면 오픈소스 개발자는 6000만명이며 북아메이카 34%아시아 30.7% 유럽 25.8%로 가장 많으며 개발자의 수는 매년 40%씩,1,사용자 : 약간의 금전적 이득과 사회문제가 기여한 코드 피드백문제가 90% 해결 시 굿즈 및 인증마크 전달프로젝트 담당자 : 원활한 개발자 수급을 통한 문제해결오픈소스 사용 기업 : 기업의 코드 문제해결 및 기업이 원하는 기술을 보유한 개발자 채,2,1. 오픈소스 프로젝트 담당자를 통한 마케팅- 1개의 프로젝트당 평균 30~40명의 개발자 참여2. 각 개발자 커뮤니티 홍보3. SNS 마케팅(유튜브 광고영상 및 페이스북 포스터)4. 지역의 사회문제 해결을 위한 해당 지역 개발자에게 이메일 발,1,1. 사용자가 오픈소스 프로젝트를 소요하는 주체 또는 프로젝트를 만드는 공급자의역할 모두 가능.,2,1. 구글 애드센스로 광고수익2. 기업의 오픈소스 홍보3. 클라우드 마이크로서비스의 단계별 유료 시스템4. 사용자 코드기여 시 지급되는 코인의 입출금 시 수수료5. 오픈소스 사용 기업에 개발자 매칭 수수료,1,1. 유명 오픈소스 개발자 이메일 확보(1200개 확보완료)2. 지속적인 시스템 고도화3. 사회문제 확보,2,1. 인재채용(디자인 C/S 업무)2. 마케팅을 통한 사용자 확보,2,클라우드 제공(AWS Azure) 경영지원(연세대학교 교수)초기 디자인을 위한 외주업체,2,1. 클라우드 마이크로서비스 유지비 : 크레딧으로 해결 월 50만원2. 총 인건비 : 세금포함 월 1020만원3. 사무실 유지비：연세대학교 공유 오피스 월 50만원4. 기타 비용 : 비품 운영 교육 월 30만,2
92,,,에이아이파크(AIPARK),어려운 메타버스 쉽고 재미있게 나만의 아바타로 개인화 가능하도록 서비스초기 시장 3조원 규모 중 1% 300억원 추산 새로운 메타버스 시장1) 1인 미디어 크리에이터2) 메타버스가 생소한 일반인3) 해외 진출을 앞둔 기업4) 다국어 홍보가 필요한 기업 및 기,1,메타버스의 개인화 ‘나만의 말하는 아바타’를 만들어 메타버스에서 원활한 소통메타버스에서 채팅만 하는 콘텐츠(경쟁사)는 이제 그만1) 1인 미디어 크리에이터 : 이제 메타버스에서 당신만의 영상콘텐츠를 제작하세요.2) 메타버스가 어려운 일반인 : 당신의 아바타가 당신을 기다립니다.3) 해외 진출을 앞둔 기업 : 해외 진출 메타버스에서 시공을 초월하세요.4) 다국어 홍보요구 기업 및 기관 : 귀사를 세계에 알리는 가장 쉬운 방법 아이,1,앱 플랫폼을 통한 앱스토어 플레이스토어 등 마케팅유튜브 틱톡 등 동영상 기반 채널 마케,2,인플루언서 출신 아이바타 서비스 충성고객 확보 SNS 마케팅을 통한 파급효과아이바타의 팬층을 만들어 메타버스 안에서 초기 충성고객 형성고객 확보 : 서비스 런칭시 프로모션 체험 인플루언서 충성고객 확보 SNS마케팅고객 유지 : 스토리텔링 전략으로 아이바타 팬층 만들어 충성고객층 형성,2,앱 제공 무료(인앱 결제 구독제 등 운영) 월 1만원*회원 1만명 시 월 매출 1억원월 구독 비용 인 앱 아이템 음성 모델 구입비 ,2,XR 기술과 인공지능 음성 및 영상 합성 기술의 접목을 위한 연구 개발XR 내의 아바타 적용 연구 및 개발 콘텐츠 제작 및 실,2,인공지능 연구 개발 인력 XR 영상 제작 전문가 특허 출원AI 아바타 제작 관련 특허 출원 2개 인공지능 전문가 6명 보유 영상제작인력 5명,0,인공지능 음성 영상 및 XR 연구 개발 협업 파트너 / 신기술 적용을 위한 필요성인공지능 관련 학계 R&D 연구기관 산학협력단 과학기술정보통신부중소벤처기업부 문화체육관광부 산하 전문기관 및 인력,1,인건비 H/W 구입비 운영비앱 개발 마케팅 콘텐츠 제작 영업 인건비 컴퓨터 및 디바이스 구입비 서비스운영비 서버 구축,2
93,,,엘비에스테크,타겟 고객의 니즈 시장 크기 시장 종류1)장애인을 포함한 보행약자2)장애인 복지 및 스마트시티 관련 사업 주관 정부기관3)보행로 정보 수요 기업4)국내외 장애인 관련 복지 정책5)국내외 스마트시티 시장,1,고객의 문제/요구 해결안 차별화 포인트 경쟁사1)보행약자 : 보행 약자를 위한 보행 특화 내비게이션 서비스 제공 정밀 보행지도제공2)정부 기관 : 스마트시티 정책 복지 정책에 적합한 솔루션 제공3)민간 기업 : 무인 배송로봇 자율주행 드론 업체 등 보행로 정보 수요 기업에 정보제공4)자원봉사자 : 보행로 정보 수집 활동과 자원봉사인증 연계 방안,1,직접 판매국내 정부기관 주관 사업 해외 국가(베트남 태국 등) 민간 기,2,고객 확보 전략 마케팅 전략고객확보 : 서비스 개발 방식에 리빙랩 방식을 적용하여 사용자 참여 유도 장애인협·단체를 통한 서비스 홍보마케팅 전략 : 국내외 박람회 및 컨퍼런스 참여 SNS 활동 등,1,수익 유형 판매 형태1)수익 유형 : 광고 데이터 판매2)판매 형태(1)일반인 사용자 : 무료(2)정부 기관 : 사업 지원금(3)민간 기업 : 데이터 유료 판매,2,보행로 정보 수집 및 검증을 위한 주요 활동보행로 정보 수집원 섭외 보행로 정보 수집 활동 정부 사업 참,2,지적 자원 주요 인력 자금 확보 등데이터 활용 방안(내비게이션 등)에 관한 특허 출원 AI 전문 인력 확보 장애인 복지및 스마트시티 관련 정부 사업 2건 이상 참,2,보행로 정보 수집 및 검증을 위한 파트너장애인을 포함한 보행 약자 장애 유형별 협·단체 정부 기관 자원봉사자 등,2,제품 개발 판매를 위한 비용(인건비 투자 등)1)기업 내 서비스 기획 디자인 개발 인력 인건비2)보행로 정보 전문 수집원 인건비3)DB 제작을 위한 서버 임대료,2
94,,,오션플래닛,타겟 고객의 문제/요구/얻고자 하는 혜택 시장 크기 시장 종류(새로운 시장 기존 시장 등)1) 해군 해경 관공서 400여척 - 침몰사고 대응 매뉴얼 작성에 따른 대응방안으로 신규장비도입사업 - 기존 조난 장비인 epirb의 장비교체 사업2) 조선소 신규건조함정에 설계 도입3) 기존 어선의 폴무전기와 MIX제품의 교체 사업4) 보험사 선박대상 신규 대물 보험상품 개발,0,고객의 문제/요구 해결안 차별화 포인트(고객이 구매해야 하는 이유) 경쟁사 1) 승조원 : 해상근무의 안전성 제고2) 승조원 관련자 : 익수자 발생으로 오는 직간접적 고통 해결3) 선주 및 의사결정자 : 선박운용에 대한 신뢰성 확보 침몰선박의 경제적 효과 증가4) 조선소 : 선박안정성 증가로 경쟁력 확보5) 보험사 : 선박관련 신규 대물 보험 상품 개발 가능성,1,직접판매 간접판매(대리점 전시장활용 / 조달청 해경군 조달계약)해군 해경 군납 관련 관계자조달청 간접판매대리점 및 전시장 주문 판매,2,고객 확보 전략(마케팅 전략) 고객 유지 전략고객 확보 : 1차 타켓 시장(해군 해경 관공서)대상 제품 설명회 실시 홈 페이지 영상 홍보 창업관련 대회 및 전시회 적극 참여로 홍보고객 유지 : 지속적인 제품 개발로 제품력 확보와 고객 신뢰 축적,2,판매 가격 예상 매출/손익 구매 방법(일시불/구독/라이센스 등)1) 대당 판매 단가 500만원(생산 시작 시 생산원가 변동시 수정가능) - 해군 해경 관공서 400여척에 대한 25억2) 신규 건조함정 장비 도입 연간 50여척3) 각 지자체별 소형선박 설치 지원사업,1,제품 개발 제조 판매를 위한 주요 활동1) 자체 제품 개발 기획 및 연구개발 - 관련기관 협조 및 총괄 컨트럴 - 부족 기술 지원 협조 및 관련기술 이전 진행2) 기관납품을 위한 조달청 혁신장터 혁신제품 등록 추진3) 필요성 홍보를 위한 온오프 전시회 추진4) 연구비 및 운용비 확보를 위한 정부지원사업 및 투자유치 활동,1,지적 자원(특허 등) 주요 인력(개발 영업 제조) 자금 확보 전략 인프라 확보 전략(공장 등)침몰선박위치식별체계 관련 출원 2건 중 1건 등록 해양대학교 보유 특허 기술이전 진행 중 국방과학연구소 보유 특허 기술이전 진행 중 21년비대면 스타트업 지원사업 13700만원 확보 디딤돌R&D연구개발자금 12000만원 협약 중 20년 이상 현장 경험 보유 개발지원/홍보를 위한 인적물적 네트워크 보유,0,제품 개발 제조 판매를 위한 주요 파트너 / 상행의 네트워크 형성환황1) 주)월드팩토리 : 제품 디자인 설계 OEM생산협약2) 주)KMRO : 동해 강원지역 마케팅 지원 및 A/S 센타 협약3) 경화기공 : 자재 및 공구 납품 및 운송지원4) 주)데이터랩 : 제품 앱 개발 및 AI시스템 제작 납품5) 부경대학교 : 제품 개발 연구 업그레이드(부설연구소섭립 진행 중)6) TBSP파트너스 : 경영 컨설팅 및 경영지원7) 골즈다이나믹 : 투자컨설팅 교육 전략수립 지원8) 세무회계 이수 : 회계 행정 지원,0,제품 개발 제조 판매를 위한 비용 내용 (인건비 투자 재료비 등)1) 제품개발비(3단계) - 1단계 : 기구개발비 - 2단계 : 음파발생기 자체생산 개발비 - 3단계 : 개인용 소형화 디자인 및 개발비2) 주문생산 운영비3) 고정비(인건비 광고비 운영비),1
95,,,원더베리,타겟 고객의 문제/요구/얻고자 하는 혜택 시장 크기 시장 종류(새로운 시장 기존시장 등)1) 메타버스 콘텐츠 수요 증가하였으나 가장 중요한 3D 모델링의 경우 도구가어려워 전문성을 쌓는데 시간이 오래 걸린다.2) 수작업에 의존하기 때문에 사람이 필요하나 사람을 찾는 것도 시간이 오래걸리며 비용 또한 비싸다.,1,고객의 문제/요구 해결안 차별화 포인트(고객이 구매해야 하는 이유) 경쟁사1) 메타버스 콘텐츠 수요 증가하였으나 가장 중요한 3D 모델링의 경우 도구가어려워 전문성을 쌓는데 시간이 오래 걸린다. -> AI 기반의 자동화 쉬운 도구 제공2) 수작업에 의존하기 때문에 사람이 필요하나 사람을 찾는 것도 시간이 오래걸리며 비용 또한 비싸다. -> 3D 크리에이터 매칭 포트폴리오 제,1,직접 판매 간접 판매 (대리점 활용/유통 업체 활용 등)페이스북 구글 검색 콜드메일을 통한 영,2,고객 확보 전략(마케팅 전략) 고객 유지 전략:고객 확보 : 디지털 마케팅 3D 학원을 통한 제휴고객 유지 : 지속적인 프로젝트 매칭 판매를 통한 수수료 정산(월단위,2,판매 가격 예상 매출/손익 구매 방법(일시불/구독/라이센스 등)3D 에셋 판매 금액의 12% 수수료 SaaS기반 워크스페이스 (월 구독/년 구독)기업-크리에이터 프로젝트 매칭 수수료,1,제품 개발 제조 판매를 위한 주요 활동플랫폼 개,2,지적 자원(특허 등) 주요 인력(개발 영업 제조) 자금 확보 전략 인프라 확보전략(공장 등)관련 특허 1개 출원 인재 채용(2021년 3명) 정부자금확보,1,제품 개발 제조 판매를 위한 주요 파트너/필요성3D 크리에이터,2,제품 개발 판매를 위한 비용 내용 (인건비 투자 재료비 등)제품 개발을 위한 인건비(웹/솔루션 개발) 디지털 마케팅 비용 운영을 위한 PM인건비,2
96,,,유피랩스,고객의 문제/혜택1) 본인에게 어떤 영양제가 필요한지 모르는 사람2) 삼키기 힘들어하는 사람3) 어떻게 얼마나 먹어야하는지 모르는 사람4) 영양제를 처음 구매하려는 사람5) 젊었을 때부터 건강을 유지하려는 사람6) 규칙적으로 건강한 식단 혹은 운동을 할 수 없는 사람,0,고객의 니즈 경쟁사1) 2000 고객 : 건강에 대한 인식 개선과 건강에 대한 문화 형성2) 40세 이상 고객: 개인 맞춤 & 무설탕 젤리 영양제로 건강 개선3) 오프라인 매장: F&B 스토어 등에 맞춤 영양제 서비스 제공4) 제조공장 : 새로운 형태의 건강기능식품으로 매출 증대,1,직접 판매 간접 판매1) 자사몰 판매콘텐츠 마케팅:퍼포먼스 마케팅:NAVER kakao라이브 마케팅:LIVE Grip2) 유통몰 판매 : 29CM W CONCEPT 마켓컬리 무신사 G마켓 스마트스토어 옥션 인터파크 카카오쇼핑 등,2,고객 확보 (광고/마케팅) 및 리텐션 전략고객 확보1) 인터넷방송 : 인터넷방송을 즐기는 2040 타겟2) 콘텐츠 : 콘텐츠를 제작 하여 타겟 접점 채널에 배포하여 이슈라이징3) 퍼포먼스 : 목표 고객 도달 및 구매 전환 증대4) 라이브쇼핑 : 실시간 소통으로 타겟 공략리텐션1) 구매 시 3회 문자 발송: 구매 후 3일 이내 7일 30일2) 리뷰 작성 시 포인트 및 쿠폰 증정3) 인스타그램을 통한 소통4) 자사몰 콘텐츠 제작 배포,1,직접 판매 (자사 몰 구독) / 간접 판매 (유통 몰),1,제품 생산 제조 판매를 위한 마케팅 활동 및 서비스 개발OEM 제조사 컨택 인플루언서 협업 맞춤형 영양제 서비스 개발,1,지적 자원 (특허 상표권) 주요 인력 (개발 마케팅) 자금 확보 전략 인프라확보(OEM 제조 공장)젤리 영양제 특허 출원 3개 상표 출원 2개 개발자 2명 인하우스 마케터 경력 3년 이상 1명,1,제품 생산 서비스 개발(콘텐츠) 마케팅 제품 배송을 위한 파트너 필요해외 젤리 영양제 OEM 제조사 콘텐츠진흥원 물류회사(두손컴퍼니 예정),1,영양제 제조비 프로덕트(서비스) 개발비 콘텐츠 생산 인건비 마케팅 인건비OEM 생산 제조비 (23억원) 프로덕트(서비스) 개발비 (1.4억원) 콘텐츠 및 마케팅 인건비 (1.3억원),2
97,,,이지코코아,타겟 고객의 문제1) 취업준비생 전업 준비자 배움/나눔이 필요한 사람2) 채용중인 기업3) 온라인 지식 및 교육 사이트4) 공공 교육 기관,1,지식 및 교육 콘텐츠 홍보 창구 무료 배움 일반인 전문가의 신뢰성 데이터1) 수강생 : 모바일 기반의 무료 배움과 학습 시스템을 언제 어디서나 제공2) 큐레이터: 개인 및 기업/기관은 차별화된 지식 및 교육 콘텐츠를 홍보 및 제공 3) 채용 기업: 맞춤형 채용 광고 기능 제공,2,온라인 채널 활용1) SNS (Facebook/Instagram) 마케팅2) 인플루언서 제휴 마케팅3) 바이럴 노출 마케팅4) 아웃바운드 콜드메일 발송,1,고객 확보 전략(마케팅 전략) 고객 유지 전략:고객 확보: 소셜 마케팅 입소문 마케팅고객 유지 : 개인별 맞춤화 무료 배움 컨텐츠 채널 제공 학습 시스템 제공,2,매출/손익광고 비용 서비스 이용료,2,콘텐츠 개발 및 공급을 위한 주요 활동모바일 큐레이션 플랫폼 개발 지식 및 교육 콘텐츠 수급 영업,2,주요 인력 (개발 마케팅 영업 운영) 서비스 플랫폼개발 경험 14년 이상 서비스 운영 3년 이상 마케팅 경험 2년 이상의 인력 1명 ,1,지식 및 교육 콘텐츠 개발 및 공급을 위한 파트너/필요성각 분야별 일반인 전문가 온라인 교육을 운영하는 중소기업 공공 교육 기관 등,2,서비스 개발 및 운영을 위한 비용 (인건비 및 운영비 등)인건비 및 시스템 운영 비용,2
98,,,이코노미 개츠비,입점사 / 소비자상품 판매와 홍보에 어려움을 겪고 온라인 판매 채널을 다각화하고 싶은 입점사와 합리적인 우리술 소비를 하고싶은 소비자를 타겟으로 한다.,2,양조장 / 소비자양조장은 우리술 정기 구독서비스로 예측 가능한 수요를 관리할 수 있고 클로즈드 비즈니스로 판매채널을 다각화 할 수 있다. 올인원 서비스로 홍보 마케팅 부담이 줄고 상세 리뷰 기능으로 정확한 고객 반응을 확인할 수 있다. 소비자(가게 개인)는 수평적인 정보를 바탕으로 저렴하고 합리적인 소비를 할 수 있으며 정량화된 수치로 높은 상품 신뢰도를 갖는,1,ZZANN 자사몰 / 네이버 / 카카오톡 / 다음 /네이트ZZANN 자사몰에 입점된 상품은 네이버 카카오톡 다음에 자동으로 연결되며 양조장은 ZZANN 관리자 페이지 단독 운영만으로 국내 모든 포털에서 상품을 판매할 수 있다,2,양조장 / 가게(주점 카페 음식점 등) / 개인 소비자양조장 – 우리술 활성화는 범정부적 지원사업으로 시장 부흥을 촉구하고 있지만 단순 지원금과 홍보 활동으로 지속적인 자립성을 갖기는 어려움이 있다. ZZANN은 양조장과 역할 관계로 ZZANN의 전문성과 양조장의 우수한 상품을 바탕으로 상생한다. 가게 – 다양한 술 상품을 상대적으로 저렴하게 소량으로 구매할 수 있으므로 카페 호텔 등 유휴공간과 샵인샵을 제공하는 가게를 타겟으로 한다. 소비자 – 우리술 정보를 정량화하고 다량의 리뷰 데이터를 시각화하여 전문적이고 객관적인 정보를 제공한다.,0,우리술 판매 중개 수수료 11% / 클로즈드 비즈니스 수수료 7%ZZANN은 양조장(양조장 수입사)과 소비자를 연결하는 양면 플랫폼으로 중개 수수료가 주 수익모델이다.,2,2021년은 입점 양조장을 확보하고 수익화는 그 다음 전략으로 한다. 올인원 서비스(우리술 분석 > 큐레이션 카드 > 상세페이지 제작)로 원활한 홍보와 온라인 판매를 지원하고 우리술 맞춤 서비스(테이스트 저널과 플레이버 키워드)로 브랜드 신뢰도를 강한다,1,우리술 프로필과 상세 리뷰 기능(테이스트 저널과 플레이버 키워드)우리술 프로필을 정량적으로 측정하고 상세 리뷰를 바탕으로 술의 핵심 속성을 시각화한다,2,위사(WISA) 크리마(CREMA) 스켈터랩스(Skelter Labs)ZZANN은 솔루션 기반으로 서비스를 제작하며 위사는 정기결제 기능을 포함한 웹앱 커머스 서비스 크리마는 테이스트 저널과 플레이버 키워드 추출 기능 스켈터랩스는 실시간 개인 추천 서비스를 제공한다,1,전체 사업비 315307888원 / 외주용역비(4.2%) 지급수수료(오프라인 매장 46.7%) 인건비(31.5%) 광고선전비(11.7%) 기계장치비(4.0%) 운영비(1.9%)외주비 13328900원 / 지급수수료 147130438원 / 인건비 99224060원 광고선전비 36873600원 / 기계장치비 12530890원 / 운영비 6000000원,1
99,,,제너생명과학,반려동물 보호자1500만명의 반려동물 보호자,2,의료비 절감 반려동물 건강 전용 플랫폼반려동물은 치료만 있지 예방은 없슴. 피터스랩은 예방의학으로 의료비 획기적 절감 ,2,타킷형 채널반려동물이란 타킷된 시장으로 관련 모임 산업 등에 집중 마케팅,2,무료 검사 정기 검사정기검사로 질병 예방. 커머스 보험 등 이용자는 연 2~3회 무료 검사 시행,2,검사비 커머스 구독료 보험수수료 원격진료비검사비 커머스 원격진료 등 플랫폼 내 서비스 이용자는 무료 검사,2,마케팅 의료비 절감병원체 유전자 검사라는 항목을 이용한 반려동물 보호자들이 타킷,2,유전자 검사 독보적 기술병원체 유전자 검사는 오랜 노하우가 필요하며 관련한 노하우는 특허로 보호,2,유전자 연구 빅데이터화 신약 반려동물 마케팅 전문크게는 반려동물 산업이며 작게는 의료관련 산업입니다. 이와 관련한 파트너가 필요합니다. ,2,검사비검사비(시약 장비 등) 택배비(검체 우송) 마케팅 연구비,2
100,,,젝스트(ZEXT Inc.),서로가 서로에게 가치를 제안하는 개인회원 및 구인구직 광고를 위한 기업회원1) 예비 유학생2) 현지 유학생3) 해외 취업자(비시민권자)4) 해외 취업자(시민권자 등 이민자)5) 유학생/이민자를 타겟으로 하는 기업: 유학원 해외인력구인 중인 기업 ,1,솔직함을 바탕으로 자신이 가진 경험이 곧 경제적 문화적 가치로 연결되는 경험공유 커뮤니티1) 일반 사용자-멘토링 서비스: 신분을 드러내지 않고도 편하고 솔직한 조언을 얻을 수 있는 기회-Interview Bank: 시중에서 구분하기 어려운 비시민권자만을 위한 면접 정보 획득-커뮤니티 서비스: 같은 상황에 있는 사람들과의 소통 정보 교류2) 멘토 회원 : 신분을 드러내지 않고도 수입을 얻고 경험을 공유할 수 있는 기회3) 기업 회원 : 현지에 있는 해외인력 구인에 유용 (예) 캐나다 내 인도인,0,캠퍼스 홍보단을 주축으로 지역별 유학생/이민회 SNS 중심 온/오프라인 확장1) Campus Strategist (캠퍼스 홍보단)-학교별 오프라인 홍보-각 학교별로만 접근가능한 내부 홍보채널(페이스북 그룹 등)에 홍보2) 지역별 유학생/이민회: 각 국가별 특정 주/도시 중심 확대 (예)미국 캘리포니아3) SNS (소셜 미디어) : 유튜브인스타그램링크드인 활용,1,서로의 경험을 공유하는 커뮤니티 사용자에서 멘토링 그리고 실제 취업관련 기업과개인 간 관계로 확장(초기)1) 커뮤니티 사용자 관계 (글쓴이 – 읽는이)2) 멘토-멘티 관계 (멘토링 제공자 – 멘토링 신청자)(중장기)3) 구인 – 구직 관계 (기업회원 – 개인회원)4) 홍보 – 정보획득 관계 (Int’ly Partners – 읽는 이,1,멘토링 수수료 및 콘텐츠 열람비용 광고 부가수익 창출(초기)1) 멘토링 서비스(Int’ly Connection) 수수료 (15%)2) Interview Bank 1회성 열람 티켓 ($5)3) Interveiw Bank 프리미엄 ($20) : 월간 최신 한달 간 인터뷰 열람 무제한(중장기)1) Int’ly Premium (개인회원)　2) Int’ly Premium (기업회원)3) 멘토링 서비스 수수료 (15%)4) Interview Bank 1회성 열람 티켓 ($5)5) 기타 광고(부가 수익,0,멘토링 서비스와 비시민권자를 위한 콘텐츠를 중심으로한 맞춤형 커뮤니티1) 멘토링 서비스 (20분 익명 보이스콜 형태)2) Interview Bank (면접 후기 게시물 비시민권자 대상의 유학/채용 관련 면접 후기)3) 커뮤니티 서비스 (자유게시물 뿐 아니라 각 전공/분야별 게시판 존재)4) 맞춤형 콘텐츠 추천 서비스 (일정 수준의 콘텐츠 구축 후 맞춤형 서비스 런,1,자체 콘텐츠와 홍보채널을 중심으로 사용자 유인1) 자체 콘텐츠- 200여개의 게시물 (각 분야별 유용하거나 흥미로운 게시물)- 약 40개의 비시민권자 인터뷰 후기 (미국현지 비자 오퍼를 주는 회사 중심)2) 자체 홍보 채널- Campus Strategist (캠퍼스 홍보단) : 현재 미국 내 8개교 구축 완료- Youtube: 인터뷰 관련 영상 최대 조회수 2140회- Instagram: 팔로워 수 155명,0,유학생 사용자를 중심으로 멘토기업기타 파트너 유인(초기)1) Campus Strategist(홍보단)- 주요 영미권 유학국가 6개국 내 대학생 홍보단 캠퍼스 내 Int’ly 서비스 홍보2) 멘토 회원- 현지 생활 경험이 있는 생활멘토 및 현지 유학취업 경험이있는 커리어멘토(중장기)3) 기업 회원- Duke Student Founders Program에 함께 참여중인 스타트업부터 일반중소대기업으로 점차 확대4) Int’ly Partners-작가 : 자신만의 콘텐츠를 생성하는 Int’ly 내부 작가-단체 : 유학원 이민전문로펌 이사업체 등 유용한 글을 작성하면서 본인단체 홍,0,멘토와 콘텐츠 확보를 중심으로한 마케팅 비용 및 기술개발 웹/앱 유지보수비75. 마케팅 전략5.1 시장조사5.1.1 TAM(Total Addressable Market 전체 시장)시장 정의주요 영미권 유학국가 6개국(미국영국캐나다호주뉴질랜드싱가포르) 내 현지유학생 예비유학생 이민자 수*전세계 규모로 산정했을 시 교집합이 많아지는 것을 우려하여 초기 타겟 국가인 6개국 중심으로 산정함시장 규모1) 전체 타겟 사용자 수 （약 6천 7백만명):현지 유학생 < 예비 유학생 < 이민자 순서의 규모로 교집합을 고려한 보수적인산정값임2) 전체 타겟 사용자 수 중 예상 이용자 수 (5천 9백만명): 상기 전체 이민자 수 중 주요 영미권 유학국가 6개국의 평균 인터넷 사용자비율인 89 % 고려3) 인터넷 사용자 규모를 토대로한 시장 규모 산출 값 (11조 4천억원): 주요 SNS 10개의 ARPU(Average Revenue Per User) 평균인 $13.5에 근거한전체 시장 연 매출 시장 규모(초기)1) 멘토 확보2) 콘텐츠 확보 (사용자 게시물 Interview Bank 등)3) 기타 웹페이지 유지보수 및 마케팅비 인건비 재무행정비 등(중장기)1) 맞춤형 알고리즘(자체 AI고도화 기술개발비)2) 웹 뿐만 아니라 앱 유지보수 및 마케팅비 인건비 재무행정비 등,1
101,,,착한사람들컴퍼니,타겟 고객의 얻고자 하는 혜택1) - 기존 스포츠 프리랜서 센터와의 인센티브 문제2) - 타 직종에 종사하는 스포츠 프리랜서 수업 가능한 공간 제공3) - 경력 단절된 여성 수업 가능한 공간 제공과 고객 매칭,2,1) : 공간 운영자 유휴 시간을 통해 부가 수입 창출유기적인 고용 형태 가능2) : 프리랜서 센터와의 인센티브 문제 완화원하는 시간에 강습 가능본업을 통한 수익 창출과 삶의 질 향상3) : - 1 경쟁사 스페이스클라우드 국내 유휴 공간 대여 플랫폼 위운동닥터 센터 정보와 강사 리스트 출력 - PTTPZ - 자체 스튜디오를 통해 사업 확장* : 차별성 단순 대관이 아닌 자신의 수익을 창출할 수 있는 수업 가능한 공간을제공하여 전국 모든 곳에서 수익 창출 전 과정을 관리.,0,직접 영업 및 블로그 작업  SNS페이스북 인스타그램 네이버블로그 마케팅,2,고객 확보 전략 고객 유지 전략 고객 확보 공간 커뮤니티에서 대관 가능한 업체 선별 후 입점 ( ): .고객 확보 강사 고객 확보가 쉬운 인플루언서에게 소셜 마케팅 ( ): .고객 유지 공간 보장되는 예약 요청 수와 호스트 페이지를 통해 고객 유입 자료 ( ):제공.고객 유지 강사 대관 기능뿐 아니라 고객 매칭 고객 결제 고객 관리 등 부가 기능 ( ):  제공,1,수수료 광고 상품 구독료  대관 상품 수수료 업체 상단 노출 및 배너 광고 수수료 프리랜서 부가기능에 따른  구독료,2,대관 이용권 개발과 판매를 위한 주요 활동대관 판매 플랫폼 개발 스포츠 센터 운영자 센터 상품을 구매할 프리랜서 영업,2,지적 자원 주요 인력 개발 영업 마케터 자금 확보 전략 세그먼트 별 사업화 전략  (   ) 특허 출원 개 상표 출원 개 개발 명 영업 명 디자인 마케터 명으로 자체 개발 1  2  3  2  & 1 IT가능,1,대관 이용권 개발과 판매를 위한 주요 파트너 필요성 /센터 대관자 센터 상품을 구매할 프리랜서,2,인건비 영업비 마케팅비 운영비   플랫폼 개발 및 유지보수 인건비 영업에 사용하는 영업비 마케팅 비용,2
102,,,코그콤,기존 고객 니즈를 해결하지 못한 시장의 통합(  ) 검색 시장 기록 어플리케이션 시장1) 기업 내 전문지식 활용 부서2) / 연구소 학교의 연구원3) / 특허 법률 사무소4) ( ,1,경쟁사 비교를 통한 가치 제안,0,직접 판매 간접  ( / ) 판매 학계 업계 활용대학 연구소 / (KAIST   ) 파트너 활용 국민대학교 강원대학교 특허정보원,2,고객 확보 전략 고객 유지 전략학계 업계 인 /  맥 활용 시범 서비스 제공 전문가부터 일반사용자까지 사용하는 폭포수 방식 고객 확산 전략 FREEMIUM 과금 모델을 통한 고객 유지,2,계정당 연간 500만원 구독서비스 이용료 기업 프리미업 서비스,2,서비스 연구개발 및 사용자 확보를 위한 활동인공지능 기술 및 사용자 인터페이스 기술 연구개발 브 랜딩 및 홍보를 위한 마케팅 활동,2,주요 인력 지적재산권 자   금 확보 전략KAIST  / 3  6 공학박사 대표 프론트엔드 백엔드 개발자 인 이상 보유 특허 건 출원,1,전문지식 확보 활용 유   통을 위한 주요 파트너전문지식 보유 및 유통 기업 기관 관계자 벤처기업부 한국과학기술정보연구원 등,1,연구개발 서비스 유지관리 데이터베이스   확보 비용연구개발 및 서비스 개발 인력에 대한 인건비 데이터베이스  / 확보 유지 비용,2
103,,,크래커박스,고객니즈 : 기업의 니즈와 개인 실력의 미스매칭으로 인한 청년실업 악순환1) 취업준비생2) 사회초년생3) 대학4) 기업,2,기업의 차별화 포인트1) 프로젝트 수업 : 현직자가 실제 프로젝트를 수업을 멘토링 방식으로 진행하여 실무를 직접 경험함 (↔ 기존 성인교육플랫폼은 1회성 강의만 제공함)2) 현직자의 멘토링 : 현직자가 사수처럼 멘토링 방식으로 진행하여 실무를 직접 경험함 (↔ 기존 성인교육플랫폼은 초급스킬 위주 프로젝트는 없음)3) 블렌디드 러닝 : VOD와 실시간 실습을 병행하여 학습효율이 높고 교육비용이 50% 이상 저렴 (↔ 기존 직무교육 수업은 100 – 150만원대),0,직접 판매 (웹사이트)유튜브 블로그 등을 통한 컨텐츠 마케팅,2,정부기관 기업 대학과 협업을 통한 무료 특강 진행고객확보 : 무료 특강을 통한 마케팅 (수도권 24개 대학)고객 유지 : 무료 특강 취업 관련 정보 제공 등 ▶ 강의 판매와 동시에 브랜드 인지도 교육 신뢰도 향상,1,강의 판매 수익,0,교육 커리큘럼 기획 컨텐츠 제작 및 교육 프로그램 운영1) 실무의 컨텐츠화 : HRD 경력자가 실무전문가와 함께 실무를 컨텐츠화2) 교육프로그램 운영 : 녹화강의와 비대면 실시간 강의 방식으로 제공,1,교육 컨텐츠 인력직무 커리어트랙 및 강의컨텐츠 구축 (8개 직무)인재개발 10년 경력 인력 1명 중고등 교육 2년 경력 인력 1명 등,1,강의 컨텐츠 촬영 진행10년이상 경력을 가진 현업 재직자 기업,2,강의 컨텐츠 제작 판매를 위한 비용 (인건비 유지비)웹페이지 유지보수 강의 촬영 인건비 강사비용(매출 연동 변동비),2
104,,,크레미디어,아티스트군 : KPOP아티스트일반인군 : 글로벌 팬아티스트군 : 인디뮤지션 연습생 싱어송라이터 댄서 지망생 음악관련학과고등학교/ 대학교 학생 음악업계 종사자 작곡가 편곡가 엔지니어일반인군 : 일본 말레이시아 베트남 태국 대만 등 아시아 글로벌 팬,1,고객의 문제 : 국내 엔터테인먼트 업계의 빈익빈 부익부해결안 : 글로벌 팬들과의 소통에 특화된 다양한 컨텐츠 제공1. K아티스트 : 글로벌 팬들과의 소통 창구 제공2. 글로벌 팬 : 다양한 K아티스트들과의 소통 창구 제공,1,기존 온라인 SNS를 활용한 컨텐츠 위주 마케팅스포티파이 피치포크 레딧 노션 유튜브 틱톡,2,1.소통 언어의 현지화 전략 2. 소통량1. 글로벌 팬들에게 아티스트를 원활하게 노출시키기 위해 컨텐츠의 국가별 언어번역을 특화시켜 고객을 유치한다.2. 아티스트와 ‘순간순간을 함께한다’라는 느낌으로 ‘짧게’ ‘자주’ 소통하여아티스트를 노출시킨다,1,아티스트의 리워드형 상품에 대한 판매 수수료(후원금,2,앱 개발 및 아티스트 섭외베타버전 앱 개발(1월 말 예상)1) 영상 매칭 솔루션 개발2) 채팅 및 음성 솔루션 / 아티스트 페이지3) AR 페이스 필터 및 이모지 제작4) 후원 관련 결제 시스템 개발아티스트 섭외목표 2000명(팀포함) 선 섭외 예,1,빅데이터 관련 특허 S/W 개발자 프론트엔드/백엔드  아티스트 확보 관련 인력컨텐츠 기획 관련 인력.Ai 기반의 빅데이터 관련 특허 1개 10년 이상 경력의 프론트엔드/백엔드 개발자 2명아티스트 경력 8년의 영업 인력 1명 10년 이상 경력의 컨텐츠 기획 인력 1명 확,0,음원 스트리밍 업체아티스트의 홍보와 수익 창출의 핵심이 되는 음원 스트리밍 업체* 필요성 - 글로벌 팬들의 접근이 용이하고 실질적인 아티스트의 수익원이 된다.국외 : Spoti,2,개발 인건비 서버 비용 마케팅 비 메인 개발자 1명 보조 개발자 2명 웹 디자이너 1명에 대한 인건비회원수에 따른 서버비와 홍보비,0
105,,,티에이메디컬,타겟 고객의 문제/요구/얻고자 하는 혜택 시장 크기 시장 종류(새로운 시장 기존 시장 등)1) 종합병원 내 각 분과(성형외과 피부과 및 정형외과) 피부이식 수술 환자2) 성형외과 피부과 및 정형외과 등의 수술이 가능한 개인병원,1,환자와 병원의 문제 해결안 차별화 포인트- 치료의 효율성 : 환부의 괴사로 인한 재 수술 가능성을 줄여 치료의 효율성 증대- 의료 관리의 효율성 : 자동으로 정확한 관찰을 통해 최소 인력 관리 효율성 제공- 의료비용 절감 : 성공적인 초기 치료 대응으로 재수술 비용과 시간 절검 효과- 유지 관리의 편리성 : 특별한 소모품을 사용하지 않아 유지 관리 편리성 제공- 병원의 브랜드 가치 증대 : 최신 장비 도입으로 재수술 없는 병원 이미지 부각,0,직접 판매 간접 판매 의료기기 전문 업체와 MOU체결 및 판로 확보 국내 의료학회 참가 및 홍보.,2,고객 확보 전략(마케팅 전략) 고객 유지 전략: 고객 확보 : 최초 길병원 성형외과 의료진들의 인맥을 통한 소개로 고객 확보고객 유지 : 정기 방문을 통해 고객 애로사항 점검 및 해결 방안 제시 ,2,판매 가격 수익판매 가격 : 2천만원 생산원가 : 5백만원 제품 판매 수익 : 1천 5백만원.클라우드 서버 사용료 : 월 5만원,2,제품 개발 제조 판매를 위한 주요 활동모니터링 시스템 개발 가천대 길병원 필드 테스트 제품 사용 후기 자료 수집 무료 사용 서비스를 통해 종합병원 발굴 및 판매 유도 다른 종합병원 대상으로 구전 마케팅 및 영업.,1,지식 재산권 주요 인력(개발) 자금 확보 전략인공지능 S/W 및 기구 부 특허 출원 1개 등록 1개.S/W와 H/W개발 3년 이상 경력 인력 각각 1명.예비창업 패키지 사업 완수 및 디딤돌 사업과 초기창업 패키지 사업 지원 신청.,2,제품 개발 제조 판매를 위한 주요 파트너가천대 길병원 의료기기 R&D센터- 제품개발 협력 제이아이테크 – 외주 제작 업체가천대 길병원 성형외과팀 – IRB 임상시험 및 신뢰성 데이터 검증 ㈜엠지피엔도스코피 – 의료기기 전문업체로 판로 개척 및 해외 진출 협력 업체.,0,제품 개발 제조 판매를 위한 비용 내용웹서버 관리비 제조 재료비 인건비 및 영업사원 인건비,2
106,,,파킹럿스튜디오,이슈 확대를 위한 출시 전략/ 자신만의 새로운 공간을 지식으로 창조할 수 있는 세계1) : 교육 이슈 과학지식을 가장 활용할 수 있는 대상을 공략한 이슈 전략2) : 고객 만족 내가 알고 있는 지식을 가상세계에서 창조자가 될 수 있는 기회를제공2) : 상업용 이슈 상업용 제품들의 과학적 상식을 원소로 표현하여 메타버스내에 노출3) : 홍보 이슈 메타버스내 공간을 지식으로 만들어가는 이슈 노출4) : 경쟁을 통한 고객 만족 유도 소유권 중심의 고객 서비스,0,원소 콘텐츠 게임개발 타   메타버스 콘텐츠와 차별화 원소 리소스 유저 데이터1) : 원소 콘텐츠 게임 개발 생산과 재미의 목적을 달성시킬 수 있는 게임 제공2) : 타 메타버스와의 차별화 현실의 지식을 가상의 세계에서 자신의 것으로 만들어활용하는 가상의 공간을 만드는 것을 목표로 하는 메타버스3) : 리소스 원소라는 지식의 콘셉으로 다양한 제품을 표현할 수 있는 상업용 리소스데이터로 확장4) : 유저 데이터 지속성과 접근성이 강한 콘텐츠의 활용을 통해 유저 데이터 확보,1,유튜브 채널을 통한 마케팅 SNS를 활용한 이슈 확산출시되기에 앞서 원소에 대한 재미있는 상식을 전달해주는 유튜브 채널인 엘리몬티비를 정식 오픈합니다 이. 채널을 통해 원소 이슈와 원소케릭터를 홍보하는 역할을 하게됩니다.엘리몬월드에서 가상이지만 지식의 재산권을 중심으로 하는 충격적 마케팅을 통해 이슈화를 극대화 시키는 도구로 SNS . 활용하게 됩니다,1,메타버스 커뮤니티 . 학습용 앱 자연스러운 학습을 유도하는 게임 개발 실 생활제품들의 원소 정보를 이용하는 게임1) :  고객 확보 학교 및 단체 기업등 영업을 통한 입점 유도2) : 고객 유지 비싼 디바이스가 필요한 기존의 메타버스와 달리 모바일로만으로메타버스를 즐길 수 있는 구조3) : 자연스러운 학습을 유도하는 게임 개발 사용자들은 엘리몬의 다양한 게임을 진행하면서 게임의 재미는 물론 필수 교육과목의 지식을 습득 및 학습할 수 있습니다.4) : 실생활 제품들의 원소 정보를 이용하는 게임 원소들의 정보를 실생활 제품에서획득하고 이를 이용하여 게임을 진행하면서 제품의 성분정보를 알 수 있게 유도하는콘텐츠로 확장됩니다.,0,인앱 매출 제품   광고 매출 홍보 매체 매출1) 기존의 게임과 동일한 광고 및 인앱방식의 유료화 모델을 지향합니다.2)   확장된 원소디자인 데이터는 식품 성분정보 지역 정보 교육 사업까지 사용되어 다양한 매출을 창출합니다.3) B2B를 통한 제품이나 단체 홍보 매출,1,MMO    개발 캐릭터 개발 콘텐츠 게임 개발 샌드박스 행성- 동시에 접속을 하여 커뮤니티를 즐길 수 있는 공간- MMO  공간에 샌드박스 행성 제작 기능 구현- 필요한 자원은 게임콘텐츠를 통해 획득하는 구조- NFT 게임 경제 단위는 블록체인의 코인과 기술 구현,1,지적 자원 개발  (  )  인력 디자인 프로그래밍 서버 운영 마케팅 및 홍보 자금특허 출원 6  1  1  개 디자인 인력 명 게임 서버 운영 및 개발 명 기본 마케팅홍보비용을 위한 투자 인프라 구축• 향후 발전에 축이 될 메타버스지만 친숙한 개발 환경가까운 미래의 게임시장 변화의 중심이 될 메타버스라고 하지만 20 MMO 년 전부터 를개발하던 온라인게임 시절부터 현재 구현하려 하는 메타버스의 기능이나 기획은 이미존재하는 것도 많이 있을 정도로 1 PC 세대 메타버스인 온라인게임의 개발 경험으로 인해 개발이 매우 용이합니다,0,국내 NFT ( ) ( ) 블록체인 파트너 다수 안면인식을 이미지 데이터 변환 기술파트너 스노우한국화학협회 / 협업- NFT 기술을 보유한 파트너를 통해 콘텐츠 내 경제 통화 구축- 다양한 케릭터 연출을 위한 케릭터 이미지와 사용자 안면인식 데이터이를 조합한케릭터 개발에 필요한 기술을 가지고 있는 업체와의 협업- 물질의 생성원리를 과학적 지식 기반으로 시나리오 제작,0,MMO   환경 개발 게임 개발 커뮤니티 콘텐츠 개발1)   개발자 디자이너 인건비 서버유지비용 사용2) 홍보비 절감을 위한 공공기관에 맞춘 개발을 진행하기 위한 비용 소모,1
107,,,프롭웨이브,초기 비즈니스 모델1) 기관 및 주차장 소유주/운영자를 위한 주차수요 예측2) 시행사를 대상으로 한 주차장 증설 전 컨설팅3) CCTV 영상기반 주차관제 솔루션 제공◦ 데이터 기반 사업 확장1) 주차 수요 예측이 필요한 기업에게 컨설팅 제공‣ 주차 수요 예측 및 최적화는 주차장 소유주 뿐 아니라 시행사 건설사 운용사에게도 중요한 요소‣ 신규 건축물 건설 계획 수립시 몇 면의 주차장을 건설하는지가 매우 큰 이슈이나 주차 수요를 예측할 수 있는 데이터가 시장에 부재한 상황‣ 새로운 주차장을 지어야 하는 시행사 기존 건축물을의 확장 등을 고려하는 운용사에게 컨설팅 및 기술적 솔루션을 제공2) 데이터의 가공과 판매를 통한 2차 수익 창출‣ 보험사 차량 관련 기업에게 필요한 주차장 가동률 및 회전율 데이터를 판매‣ 위 데이터를 바탕으로 차량 공유 서비스 전기차 셔틀업체 등에 필요한 주차공간을 맞춤형으로 제공‣ 자율주행 기술 개발사에 해당 데이터를 판매하여 차량관리를 원활히 할 수 있도록 도우며 수익을 창출3) 장기적으로 라스트마일 및 자율주행 등 ‘차세대 모빌리티 파생산업’에 거점으로쓰일 유휴 주차면을 가장 많이 유통하는 플랫폼으로 성장‣ 라스트 마일 및 자율주행 차량은 지역 각 개소에서 사용 가능한 주차면의 유무가서비스 품질에 큰 영향을 미침 (충전 주차 및 대기)‣ 장기적으로 ‘오픈주차장’이 유휴 주차면을 가장 많이 유통하는 1위 플랫폼으로 성장하여 추후 발생할 다양한 주차공간 수요에 대비하고자 함,0,주차장 수익 최적화 및 수요-공급 매칭 솔루션 필요성 제기1. 주차장 소유주 대상 : 주차장에서 발생 가능한 최대 수익 도출 및 유휴공간 활용방안 제공‣ 주차장 소유주에게 주차공간의 특성 및 면수 가동률 상권 분석 등을 통한 최적수익률 계산‣ 주위 상권의 특성에 맞춘 일주차 / 월주차 대수 야간운영 여부 등 제안 리포트제공‣ 예상되는 유휴 면수에 대해서는 수요자(개인차량 비주차수요 등)와 연결하여 최대 수익 도출2. 주차장 수요자 대상 (차량) : 온라인 데이터 기반으로 주차장 연결‣ 주차장의 정보를 전산화하여 차량 수요자와 연결‣ 차량 탑승자에게 정보를 제공하여 주차장 사용 유도‣ 추후 이용·결제·전기차 충전을 모두 온라인으로 처리할 수 있는 모델을 추가하여자율주행 대중화를3. 주차장 수요자 대상 (비주차 수요) :주차공간에 대한 최적의 수요자 매칭‣ 물류 리테일 공유차량 비즈니스 등 주차장 내부 공간활용이 필요한 기업 및 기관 수요자들이 대상‣ 원하는 면적 면수 지역 등의 정보를 등록하면 지속적 유휴면수가 발생하는 주차장과 연결‣ 라스트마일 및 자율주행 기반 공유 차량 비즈니스의 거점으로도 활용 가능본 창업팀은 상기한 솔루션을 바탕으로 AI 기반 주차공간 관리 및 수익 최적화 플랫폼 ‘오픈주차장(Open Parking Lot)’을 제안함,0,□ 3단계 : 수익성 강화 (2022년 2/4분기)‣ 주차장 시장 파이의 확대- 국내 등록 주차면 중 70% 이상은 관제 및 수익이 발생하고 있지 않은 잠재시장- 주차산업이 발전한 국가인 일본과 비교시 현재 국내 기업형 주차장 사업 규모는1000억 원 안팎으로 일본의 3~4% 수준에 불과하며 한국 차량 등록대수가 일본의26.3%인 점을 감안하면 성장 잠재력이 높음‣ 데이터셋 구축 및 판매- 보험사 차량 관련 기업에게 필요한 주차장 가동률 및 회전율 데이터 판매- 차량 공유 서비스 전기차 셔틀 업체 등에 필요한 주차공간을 맞춤형으로 제작,0,단계별 목표시장 진입전략□ 1단계 : 신뢰 가능한 인적 자원을 기반으로 베타 서비스 런칭 (2021년 4/4분기)◦ 등기이사 신지혜 김은희 상무 등을 비롯하여 자사가 기초적으로 보유하고 있는 인적 네트워크를 기반으로 서비스 확대‣ 팀에서 영업 및 기술 자문을 맡고있는 STS개발 신지혜 상무와 NPD코리아 김은희 상무는 부동산 및 주차장 시장의 임원급 현업 종사자로서 인적 네트워크를 통해본사의 기술을 홍보할 수 있는 역량이 다분함‣ 주차장 수요사 및 비주차(공간수요) 수요사를 효과적으로 모집 가능‣ 초기 베타테스트 진행 이후 본격적인 SOM 마켓인 중·소형 주차장 시장에서 고객을 확대해갈 예정□ 2단계 : 서비스 안정화 및 고객 확대 (2022년 1/4분기)‣ 온라인 마케팅 건물 운영자 대상 캠페인 등의 마케팅을 통해 본사의 솔루션을홍보하고 고객을 확충‣ 동시에 기술적 안정화와 CS에 역량 집중,0,1) 기관 및 주차장 소유주/운영자를 위한 주차수요 예측‣ 월 11만-55만 원 선의 컨설팅 ⇒ 6000만-3억 원 (12개월 x 50곳)2) 시행사를 대상으로 한 주차장 증설 전 컨설팅‣ 총액의 0.01% 규모 컨설팅비 ⇒ 1-5억 원 (1면당 1000-5000만 원 10곳 x 100면x 0.01)3) CCTV 영상기반 주차관제 솔루션 제공‣ [유인 솔루션](비교)- 운영·관리 수준 ⇒ 월 200-400만 원 (중소형)- 3교대+비번 ⇒ 월 700-800만 원 (중대형 이상)‣ [무인 솔루션]- 현재는 site 당 최소 3000만 원※ 숨고 2100-3700만 원 (일반적으로 부대비용 추가) / 아이파킹 3500-4000만 원※ 여기에 월별 100-200만 원 운영비 추가 (중대형 이상)‣ 초기 투자비용- CCTV : 10만 원 x 대수 (+ 배선 정비 50-10만 원)- 운영비 : 월 110만 원 수준으로 대행⇒ 110만 원 x 10곳 (3년 내 200곳) x 12 = 첫 해 1억 원 3년 내 26억 원,0,개발이 가장 중요한 요소□ 개발 단계◦ 기술적 측면1) 수익 최적화 및 가치평가 알고리즘‣ 일본의 주차장 관리기업 NPD에서 사용하는 DCF 시트 및 연관 데이터를 확보‣ 해당 계산식 및 데이터를 전산화 및 자동화시키는 작업 진행 중‣ 리모델링 주차공간 추가활용 등 영향을미치는 요소 정리‣ 연구파트너 ㈜NPD코리아 김은희 상무2) CCTV 영상 분석 기술‣ MOT 기반 영상 분석 기술은 프로토타입 구축이 완료되어 검증 및 고도화 단계‣ 국내 2위 주차관리기업 ㈜AJ파크에서 연구 목적의 주차 영상 독점적으로 전달‣ 관악구 캠퍼스타운 쉐어하우스 Nonce 등 다양한 기관과도 데이터 공유 계약을체결하여 다양한 상황 학습‣ ㈜하얀AI 등 영상데이터 구축 협력사를 바탕으로 국내 주차장 영상 데이터셋 총10만 건 구축 예정‣ 서울대학교 인공지능 연구실의 기술을 활용하여 개발 진행 중‣ 대표자 명의의 특허출원 완료 (출원번호 10-2021-00500524)◦ UX/UI적 측면‣ 사용자가 본사의 컨설팅을 통한 수익 최적화시 도출할 수 있는 예상 수익 조회페이지 빌드중‣ 주차장 소유주의 평균 연령대를 고려하여 간편하고 쉬운 UX 적용‣ 해당 페이지를 통해 본인 소유 주차장의 잠재 수익을 인식하고 컨설팅을 원할경우 본사와 연결되는 구조‣ 페이지 이용자들이 입력한 데이터는 기계학습과 서비스 고도화에 2차로 활용,0,지속적 영상 데이터 공급 채널 보유‣ 국내 2위의 주차장관리사 ㈜AJ파크로부터 전국적인 주차장 CCTV 데이터를공급받고있음‣ 관악구 캠퍼스타운 셰어하우스 Nonce 등 다양한 기관과도 영상 데이터 공유계약을 체결‣ 위 데이터들을 통해 모델의 정확성을 개선하고 보다 다양한 상황에 대응할 수있음,0,파트너명 주요역량 주요 협력사항 비고하얀에이아이데이터 라벨링 리소스 및 AI 연구 특화 MOU 데이터 라벨링 20.6~셀렉트스타 데이터 라벨링 리소스 및 주요 파트너십 데이터 라벨링 주요 파트너 20.10~서울대 데이터사이언스대학원데이터사이언스 연구 리소스 및 비전 AI 특화 랩공동연구협약 20.10~㈜AJ파크 국내 2위 주차장 관리 기업 영상 데이터 공급 20.11~Nonce 입주민 200명 규모 쉐어하우스 영상 데이터 공급 20.12~데이터를 활용한 서비스이므로 데이터 축적을 위한 파트너십과 테스트베드가 매우중요 본사는 국내 2위 주차관리사인 ㈜AJ파크사와의 파트너십으로 필요한 데이터셋을 구축 또한 서울대 데이터사이언스대학원과의 공동연구협약으로 개발 관련 파트너십을 강화,0,웹페이지 유지보수 인건비 및 시스템 활용 비용 영업사원 인건비 파트너십 수수료AI시스템 개발 이후의 초기투자비용은 CCTV 설치비용 대당 10만원 수준,1
108,,,피에로컴퍼니,중고폰 거래시장에 관한 고객측 정보 비대칭 해소1) 중고폰을 업체에 매각하려던 고객2) 중고폰을 개인거래로 판매하려던 고객3) 중고폰 매각에 여러 이유로 소극적이었던 잠재고객,1,고객과 업체 양측에 존재했던 문제를 해결1. 고객: 발품 팔지 않고 비대면으로 비교견적 및 거래 정보 취득이 가능함2. 업체: 별도의 마케팅 비용 및 고객응대 없이 주변에 위치한 고객유치가 가능함3. 자사: 많은 제휴업체들을 대상으로 공동구매 및 부품유통이 가능함,1,직접 판매유튜브 콘텐츠형 광고로 고객 유입 도모제휴 업체 직접 영업으로 영업망 확대,2,O2O플랫폼 이므로 수요자와 공급자 모두 고객 고객 입장에서는 이용료가 무료이며 정보의 비대칭 등을 해결하는 수단임업체 입장에서는 새로운 경로로 보다 많은 고객유치가 가능한 이점이 있음,1,거래 건당 수수료 월 구독 이용료 공동구매 마진 부품 유통 마진 자사 직접 매입 후 판매 등자사가 직접 매입 후 수리하여 재판매 하는 리퍼브 시장의 경우 마진이 30% 이상으로 좋은 수익구조를 가지고 있음,1,중고폰 매입/수리/판매 + 비교견적 및 정보제공을 비대면으로 진행 함온라인으로 제출되는 견적 요청서에 견적서를 작성하여 발송함,2,자사가 개발한 웹 O2O 중개서비스 및 푸시알림이 가능한 알림톡 API 등앱이 아님에도 푸시알림이 가능하며 실시간 채팅/예약 기능 위치기반 서비스 등이 모두 가능한 웹 서비스를 자체 개발하여 운영 中,1,중고폰 매입/수리/판매 서비스를 제공하는 제휴(파트너) 업체고객들의 매입/수리/구매 요청에 대응하는 서비스를 제공해줄 제휴업체들이며 해당 제휴 업체들을 대상으로 부품 유통 및 공동구매를 진행 中,1,서비스 개발 및 유지 비용 사무실 유지비 인건비 기타 서버 비용 도메인 비용 알림톡 비용 ,2
109,,,하이로컬,고객분석 : 연령대국적성별고객 분석 • MZ 세대가 95% 매우 높음 한국어 트레이너 부분에서 티칭을 진행하는 분의 연령대가 높을 때가 있음• 국적별로 필리핀 organic 바이럴 증가로 유저가 늘어나고 있으며 미국 독일에서 바이럴 효과 거둠• 외국어 학습과 소셜 교류 소셜 오디오 부분에서 여성의 비율이 65%로 높음,0,하이로컬을 통해 기존 온라인 외국어회화 학습 서비스의 문제 해결1) 번거로운 스케줄링∙모바일 RTC 기능을 통해 2분 내 통화 연결 - 원어민 친구와의 매칭 알고리즘을 활용하여 친구와 대화하는 형식의 언어 교육  기회 제공 - 모바일 RTC와 대화 소재 매칭 알고리즘을 활용한 온디맨드 보이스콜 언어 회화  학습 환경 제공2) 원어민 매칭의 고비용과 실력 향상 의문∙ Speech To Text 트랜스크립트 기능 - STT와 녹음 기능을 설치하여 통화 내용을 트랜스크립트화하고 휘발되어 버릴 수 있는 대화  내용을 교정할 데이터로 전환하여 보관∙ 외국어 학습을 위한 인공지능 기반 언어교정 서비스 제공 - GPT-3(자동교정)로 트랜스크립트 파일 스캐닝 하여 틀린 문장 감지 교정 교정  함으로써 학습자가 빠르게 교정 피드백을 받을 수 있도록 함  - 교정 대상 문장을 빠르고 정확하게 파악 및 교정 - 인공지능 기반 툴을 사용하기 때문에 학습 효과가 높고 비용은 저렴  : 원어민 튜터 교육 비용 절감∙ 외국인과 원활한 소통을 위한 실시간 번역 제공3) 일방향 강의∙알고리즘 매칭(국적/타깃 언어/레벨/성별 필터링)을 통한 선호하는 랭귀지 파트너 매칭 - 크라우드소싱 리뷰를 통한 커뮤니티 관리 체계화 : 양질의 언어 교환 파트너 매칭 가능∙소셜 기반 언어학습 툴로써 외국인과 친구가 되며 언어학습이 가능하여 흥미성 제고,1,SNS 홍보/바이럴/인풀루언서•해외 인플루언서 마케팅 진행 중 SNS 퍼포먼스 마케팅 (페이스북 인스타그램 틱톡 유튜브) •기존 유료회원 14만 명 SNS 채널 20만 팔로워를 바탕으로 글로벌 마케팅 진행•차별화 기술과 서비스 퀄리티를 바탕으로 바이럴(invitation)에 중점을 둔 유저  확보 진행•로컬라이징 마케팅을 위한 마케팅 에이전시 네트워킹 확보 하이퍼 커넥터 ‘아자르’ 서비스의 마케팅 전략을 벤치마킹하여 국내에서 페이스북  유튜브를 통해 전 세계 테스트 마케팅을 소정의 예산으로 진행한 후에 효율이 좋은  곳을 선택하여 마케팅 에이전시를 통해서 로컬라이징 마케팅 고도화•해외 인플루언서를 국가 별로 국내에서 선발 가능 : 국내 거주 외국인들 중 각  국가의 사람들에게 한국의 서비스를 소개하는 경우가 많음•K POP 한국어 교육 열풍이 있는 국가에 맞추어 인스타그램 광고 집행 •다양한 컨텐츠 마케팅으로 바이럴 유,0,고객 확보 전략  고객 유지 전략1) 고객 확보 전략 ∙기존 14만 언어 교환 참여 데이터 확보∙자체 보유SNS(인스타그램 페이스북 카카오 네이버) 20만 팔로워 확보2) 고객 유지 전략∙현장에서 쌓아온 커뮤니티 관리 체계화 (크라우드 소싱 리뷰 시스템 평점 별점 피드백 보고 시스템) ∙어뷰징디텍션 기술을 활용한 어뷰저 검출을 통한 커뮤니티 관리∙자체 커리큘럼 제작으로 인한 컨텐츠 강화 ∙언어 트레이너 소통 시간 (주 2회),0,B2C B2B ◦초기 수익모델- 초기 단계에서 유저들에게 받는 수익이 75% 측정- 질 높은 컨텐츠로 인한 높은 유저 참여로부터 많은 음성데이터 확보  - 초기에 비해 유저부담 비용이 75%→ 40% 감소- 데이터 판매 B2B에 집중- 타 어플 대비 가성비 좋은 가격으로 시장경쟁력 확 ,0,라이브 커뮤니티 티칭 한국어 튜터 양성 전세계 한국어 외국인 학습자들의 학습 커뮤니티 빌딩 퍼포먼스 인플루언서 마케팅 바이럴 마케팅 1) 라이브 커뮤니티 티칭 : 한국어 원어민의 튜터 양성을 통해 전 세계 한국어 학습자에게 한국어를 가르쳐줄 수 있도록 하고 라이브 오디오 티칭 문화 형성2) 외국인 학습자들의 학습 커뮤니티 빌딩 : 한국어 학습자들 간 비교 경쟁 협업 등을 통해서 한국어를 함께 배우고 실력을 향상해 나갈 수 있도록 리더 설정 구성원 피드백 제공하는 커뮤니티 문화 형성하여 에코시스템 형성3) 퍼포먼스 인플루언서 마케팅 : 라이브 오디오 티칭 학습 등 한국어를 배우고 싶은 모든 외국인 유저들을 인플루언서와 SNS 퍼포먼스 마케팅을 통해 모집 (40명의 5만 구독자 이상의 인플루언서 컨택 완료 10명이 하이로컬 앱 소개 영상 제작 실제 앱에 접속하여 사용하며 구독자 초대),0,AI언어교정 기술 특허 출원 퍼포먼스 마케팅 자금 확보 (2억원) AI 모델 연구가 모바일 RTC분야 개발자투자 확보 1) 매칭 시스템 특허출원 2) AI 음성관련 특허 출원 3개3) 커뮤니티 관리 어뷰징 특허출원 2개4) O2O 언어 교환 필드에서 실전 경험으로 노하우를 보유한 인력5) 웹 매칭 기술이 가능한 인력6) 실리콘밸리 투자 LOC 확보 (35천만원),0,한국어 교재 출판사 한국어 학습 컨텐츠 AI학습용 음성데이터 AI언어교정 한국데이터진흥원 데이터공급 외국어 학습 커뮤니티B2C (유저 유입 및 공유)1) 톡투미인 코리안(한국어 교재 제작 업체): 교재 공유 협업을 통해 라이브 오디오 한국어 티칭 제공 2)트이다(한국어 컨텐츠 공급사): 기초 한국어 학습 이후 하이로컬(라이브 대화형태 한국어 공급사)로 연결하여 매출 창출 3) 외국어 학습 커뮤니티 : 기초 학습 이후 함께 모여서 외국어 회화 연습 B2B (AI 학습용 음성데이터)1) 플리토(데이터 가공 업체) : 전 세계 외국인의 음성 데이터를 보이스와 txt 형태로 수집 및 가공하여 판매 (2021년도 18백만 원 매출 발생)2) 한국 데이터 진흥원(데이터바우처 공급 기업 선정),0,개발비 운영 및 인건비 광고비매칭 알고리즘/STT스크립트 녹음 기술 개발비용 회사 내 팀원 인건비 서버유지비용 광고비용 발생,2
