번호,사업자등록번호,법인번호,기업명,고객 세그먼트,label,가치제안,label,마케팅채널,label,고객관계,label,수익원,label,핵심활동,label,핵심자원,label,핵심파트너,label,비용구조,label
1,,,Rampart Division,"1. 타겟시장
- 비대면 여행시장
- 국내관광지 관리 정부 부처와 지자체를 대상으로 콘텐츠를 우선하여 확보
고객 확장 단계 2. 
- 1 (B2B) : 단계 관광공사 및 지자체 여행정책과 담당자 
- 2 (B2G, B2B) : 단계 관광공사 및 지자체 여행정책과 담당자 여행사 , 
- 3 (B2G, B2B) : 단계 관광공사 및 지자체 여행정책과 담당자 공연기획사 여행사 , , 
- 4 (B2G, B2B) : , 단계 전시회 기획사 유학원 요양원 , 및 일반 기업 등
타겟시장 종류 3. 
여행지 1) 
 2) 공연 및 스포츠 중계
 3) 전시회 및 박람회
 4) 미술관 및 박물관
 5) 어학연수
 6) ( 의료 양로원 및 고급 실버타운)",A,"1. / 고객의 문제 요구 해결안
- 실재감 부족한 기존 비대면 여행방식 해결
- 전통 관광대비 저비용 고효율 , 콘텐츠 제공
- 일반 VR, 비디오 형태의 콘텐츠 대비 능동적이고 자율적인 행동 제공
- 단순 관람이 아닌 현장 경험 가능
2. 차별화 포인트
- 현장에 배치된 로봇을 조종하는 방식으로 철저한 개인화 능동적 , 움직임이 가능
- 현지의 불특정 다수와 실시간으로 만나고 대화하는 , 것도 가능
- 하나의 솔루션으로 다양한 로봇을 제어 가능
- 플레이어에 통합된 컨트롤 솔루션으로 고연령층도 쉽게 제어 가능
- PC, , , VR HMD 모바일 태블릿 모두 지원 가능
- 브라우저 특성에 , OS 상관없이 실행 가능
3. 경쟁사
- 글로벌 기준 동일 서비스 제공 업체 없음 (2022.09)",B,"온라인 광고 및 인플루언서 마케팅인플루언서 및 여행 관련한 오피니언리더를 통한
입소문 방식으로 진행 (페이스북 인스타 , )",B,"1. warp : 계약자 지자체 등 공공기관 2. Warp : 이용자 유저
 1) 공공기관
- 공공기관과의 계약을 통해 관광지에 , 로봇 배치 후 Warp 플랫폼에 연결
- 공공기관과는 로봇 납품 및 유지보수 관계의 명확한 설정 필요
- 유지보수 방안 및 많은 플랫폼 유저 관광객 가 ( ) 사용할 수 있도록 Warp 플랫폼
회원 확보를 통해 협상
 2) ( , ) 사용자 유저 관광객
- 기존 비대면 방식과는 다른 실제감을 제공함으로서 가치 제공
- 온라인 홍보를 통한 적극적 홍보 필요. 
- 회원 확보를 위한 초기 숏 콘텐츠 무료 제공",A,"1. 플랫폼 유저의 사용료 ( ) 포인트 차감
광고비용 2. 
 - Warp 플랫폼을 사용 시간에 따른 포인트 차감 방식. 
 - 해당 수익은 해당 콘텐츠 제공지 여행지 지자체 와 ( , ) 수익 배분",B,"
- 플랫폼 개발 운영 유지보수 , , 및 콘텐츠 관리
- 로봇 배치 로봇 , 관리 및 유지보수
- 영업활동",A,"
- 메타버스 등 해당 분야에 업무 종사 경력을 가지고 있는 대표
- 10년 이상 경력의 개발자 보유 , 
- 박사급 운영인력 보유
- 로봇 제조사와의 협력관계",A,"1. 2. 로봇 제조사 지자체 및 정부 부처
- 로봇 제조사 : 각 회사의 로봇이 자사 플랫폼에서 구현 가능할 수 있도록 기술지
원 협력 , 필요
- 지자체 및 정부 부처 ( · 관광공사 외 시 도청 관광지 담당과 관광지 ) : 등 로봇 배
치가 필요하여 관광지를 , 관리하는 지자체와의 협업이 필요",A,"플랫폼 개발에 따른 인건비, 웹페이지 유지 보수 인건비 및 시스템 활용 비용 온라인 , 
홍보비",A
8,,,술며든다,"새로운 문화를 만들고 선도하는 20~30세대
	- 획일적 음주문화 탈피
	- 다양하고 개성있는 음주문화
	- 좋은 술과 음식을 페어링 하고자하는 집단 증가
	- 함께먹는 음주문화 조성

높은 구매력을 보이는 40~50세대
	- 만취하도록 마시기보단 음미하면서 마시는 세대
	- 구매의사가 곧 구매력

엑티브시니어 60~70세대
	- 단순마시는 행위를 넘어 여행과 취미로 연결
	- 잉여시간의 증가로 즐길거리, 놀거리 필요
	- 높은 사회적 윤리적 수준",A,"1. ’이야기‘에 끌리는 사람들
1) 지역의 다양한 이야기를 사람/음식과 연결하여 상품화 (세종대왕도 즐긴 OO술)
2) 지역적 특성이나 이야기에 따라 전통주 병 모양을 다양하게 디자인하여 소비
자들의 호기심과 관심유발
2. 나에게 잘 맞는 우리‘술’은?
1) AI 소믈리에가 추천한 나만의 전통주 제공 (술BTI) 
2) 매월 양조장인이 직접 선정한 이달의 술과 음식 추천하여 구독서비스 제공
3) 경험한 전통주 중 마음에 드는 술은 회원가로 재구매도 가능
4) 전통주와 어울리는 추천 안주 상자 상품화 (K-안주) 
5) 추천 밀키트 형식으로 1:1 매칭 시스템
3. 양조장 영상을 제작하여 지역 내 관광자원과 함께 홍보 
1) 양조장과 협업하여 매장 내 전통주 관련 수업 및 시음회 진행 / 직업전문학교 
강좌 개설
 매월 2회~3회 (전통주인지도 개선 및 지역사회 양조장 마케팅 홍보 효과)
2) 진행되는 모든 수업 / 행사 과정 영상화 제2/제3의 콘텐츠화
4. 판매 채널 발굴
1) 구독상품의 별도 트랙을 마련하여 구독 이외 일반 판매의 활성화
(와디즈, 카카오, 톡딜, 네이버 스토어, 그 외 E-커머스 입점, 지원 물량은 각 
채널별로 협의)
2) 주류 소비패턴 파악 및 솔루션 R&D 발전 및 마케팅 조직 구축 및 고객 확보 
집중",A,"온오프라인 판매
오프라인 거점 매장/ 온라인 홈페이지",C,"다양한 행사를 활용하여 전통주의 가치, 매력을 어필하는 방안 마
련(오프라인)
1) 우리 술 품평회, 우리 술 대축제, 주류박람회 등 홍보 프로모션 진행3)
2) 찾아가는 양조장 / 만나보는 우리 술 장인 (전국 50여 곳의 양조장과 협력, 지자체 협력 진행 예정)
3) 유리공방/ 꽃집 등과 연계하여 전통주 정기 구독 서비스 제공 
4) 대체제가 많지 않은 한국 전통 ‘술’ 이미지의 브랜드화/고급화/가격다양화4) 5) 지역 전통주의 지리적 표시제5)
, 품질인증제6) 등록
6) 매달 새로운 주제로 '이달의 시음주'를 선정 및 외국인 대상 프로그램 운영 
(영어/일본어/중국어)
온라인 홈페이지와 SNS 플랫폼7)을 이용하여 다양한 세대를 유입시
킬 수 있도록 콘텐츠 생산(온라인)
1) 주류 서포터즈 모집하여 트렌드에 맞는 홍보 마케팅 (주류 얼리어답터 계층 형성)
2) 양조장 별 10분 내외의 티저 형식 영상 제작 (전통주 기획전)
3) 인플루언서 및 아티스트와 협업하여 세대별 맞춤형 콘텐츠 제작
4) 탁주와 유통기한에 대한 인식 개선 목적의 정보형 콘텐츠 제작
5) 전국 전통주 소식을 받아 볼 수 있는 전통주 뉴스 클리핑 서비스 제공(주1회 
메일발신) ",A,"전통주/재고품 제공
전통주 관련 체험/ 교육진행
전통주 판매
구독 서비스 제공 
전통주 시음회 진행
주문 및 리뷰
개인 취향 정보 제공
양조장 홍보영상제작
지릭적표시제/품질인증제 등록 추진",A,"양조장 영상을 제작하여 지역 내 관광자원과 함께 홍보 
매월 양조장인이 직접 선정한 이달의 술과 음식 추천하여 구독서비스 제공",B,관련 자격증 보유 일러스트 1급 포토샵 1급 멀티미티어 콘텐츠 제작전문가 자격증,B,"창업 컨설턴트, 창업 관련 교육 기관, 중소 벤처 기업부, 창업 진흥원 지역양조장",B,"오프라인
온라인
오프라인 거점 임대료 월 270만원(8개월) 21,600,000
자사 홈페이지 개발 비용 20,000,000
빅 데이터 브랜드/광고/판촉 속성 평가 IPA 분석, 만족도 조사 및 데이터 확보 및 솔루션 7,400,000
인건비 초기 인건비 (8개월) 40,000,000
운영경비 회의비, 소량 인쇄 및 복사, 여비 등 
소요 경비(8개월) 3,000,000
홍보 및 
마케팅 SNS 홍보 및 마케팅 (8개월) 8,000,000",A
12,,,라이더타운,"1) 홍보하고 싶은 정비소 사장님
2) 단골 정비소가 없는 라이더
3) 정비소에 대해 신뢰가 없는 라이더
4) 정비소 공임비에 불많이 많은 라이더",B,"1) 정비소 : 정비 고객 유치, 정비소 마케팅 채널 제공
2) 라이더 : 
1. 시간 절약 2. 오토바이 관리 용이 3. 신뢰 상승
- 정비 견적을 통해 정비소, 공임비 등 정보를 제공
- 바이크 프로필을 통해 손쉽게 관리 가능
- 커뮤니티, 라이딩 동호회 기능 제공
3) 부품/용품 관련 업체 : 광고 기능 및 채널 제공",A,"정비소 - 방문하여 영업, 라이더 - 앱스토어, 구글 플레이스토어, 바튜매(오토바이 라이더의 네이버 카페)",B,"고객 확보 : 소셜 마케팅, 입소문 마케팅
고객 유지 : 바이크 프로필 제공, 부품/용품 판매 서비스 제공",B,"커뮤니티를 통한 광고 수익
용품/부품 판매수수료 ( 오일, 패드, 탑박스 등)",B,"오토바이 정비/튜닝 O2O 플랫폼뿐만 아니라 커뮤니티 기능 개발, 오토바이 정비소 영업",C,"개발자 2명, 오토바이 라이더, 영업 2명",B,"오토바이 정비소 사장님, 라이더, 오토바이 관련 업체, 오토바이 부품/용품 업체 등",B,"AWS 서버 운영비 유지, 앱 디자인 외주용역비 및 시스템 활용 비용",B
13,,,FIT ME,"홈트레이닝 시장
 - 건강 및 체형/체력관리 서비스의 주 소비 계층인 20~50대 여성(50%), 30~50대 
남성(30%), 기타(20%)로 분석됨
 - 국내 20~30대 홈트레이닝 시장 규모: 총 인구 1,000만의 2.5%, 25만명",B,"1)간단한 건강관련 측정을 보건소나 피트니스 센터에 방문하지 않고도 어디서든 
간편하게 모바일 디바이스를 이용하여 사용자가 직접 측정이 가능
2)비대면으로 측정한 본인의 건강/체력 데이터 기반 추천 밀키트 식단 및 
건강기능식품을 주문 가능하도록 함
3)측정된 데이터를 트래킹이 가능하도록 설계하여 사용자의 건강/체력 데이터를 
어디서든 확인이 가능하도록 하며 사용자가 원할 시 타인에게 공유 가능하도록 함
4)인공지능 기반 개인 맞춤형 지능형 피트니스 트레이너 활용한 홈트레이닝 
서비스를 제공함",A,"주요 타켓층으로 예측되는 20~30대 청년층에게는 모바일 광고 및 
인플루언서를 활용한 SNS 채널 홍보 전략을 통한 신규 사용자를 유입함",B,"건강 및 체형/체력관리 서비스의 주 소비 계층인 20~50대 여성(50%), 30~50대 
남성(30%), 기타(20%)로 분석됨에 따라 이들이 주로 이용하는 온라인 
소셜네트워크를 통하여 광고 및 홍보 마케팅 전략을 수집함",A,"◦ 국내 B2C 시장 비즈니스 모델
 - 애플리케이션 구독료 월 5,900원 예상 / AI 피트니스 트레이너 월 구독료 9,90
0원 예상
 - 애플리케이션 내 추천 밀키트, 건강기능 식품 구매 시 판매금액의 10% 수수료 
예상
 - 개발 후 3년 기준 국내시장점유율 약 2.5% 달성 목표
 - 개발 후 3년 기준 약 217억 원 매출 목표
◦ 국내 B2B 시장 비즈니스 모델
 - 건강/체력 데이터 측정 및 분석 알고리즘 기반 SDK (Software Develpoment Ki
t) 서비스 제공 계획
 - 고도화된 건강 데이터 분석 알고리즘을 개발하여 모바일 기반 헬스케어 사업자 
필요에 맞는 N가지 항목을 진단 및 분석할 수 있는 SDK를 B2B 공급",A,"애플리케이션 개발
- 본 사업에 적용될 운동처방 프로그램은 기존의 연구개발 노하우를 바탕으로 정밀 
운동처방 프로그램을 개발 중이며, 데이터를 활용하여 개인 건강/체력 정보 분석 및 
임상적 변인에 근거한 세부 프로그램 및 분석 알고리즘을 구축할 예정
- 운동처방 프로그램은 다양한 나이대의 일반인을 대상으로 적용하여 다양한 
데이터를 구축할 예정",A,"비대면 건강관리 서비스 특허 출원 2개, 등록 3개, 애플리케이션 및 웹페이지 3년 이상 경력 
인력 2명",B,"모바일 디바이스 기반 개인 건강 데이터 및 유전자 분석기술은 초기 구축하는데 
비용이 많이 들어 스타트업의 진입장벽이 매우 높음. 본 사업의 구조는 협업 기업인 
룰루랩과 함께 모바일 디바이스 카메라 및 센서 기반 측정기술의 공동 개발을 
바탕으로, 마크로젠의 유전자 채취 및 분석을 채용하여, 소비자에게 직접적으로 개인 
건강 데이터 분석결과에 맞는 정밀운동처방 프로그램 콘텐츠를 개발하여 제공하고자 
함. 결과적으로, 사업 비용 절감 효과와 더불어 각 전문영역에서의 전문화를 통하여 
서비스 경쟁력이 확보될 것으로 예상됨",A,"애플리케이션 및 웹페이지 유지 보수 인건비 및 시스템 활용 비용, 인건비",B
53,,,지중해,"스타트업

산학협력단

연구기관

대기업

특허법인/법무법인

개인발명자",B,"구매자(Buy-side)

1. 필요한 지식재산권을 구매함으로서 불필요한 법률분쟁 회피

2. 편리한 거래

3. 투명하게 공개된 거래정보에 무제한적으로 접근하여 편리한 시세 확인

판매자(Sell-side)

1. 자금유동화에 도움

2. 편리한 거래

3. 저렴한 광고료",A,"모바일 플랫폼
웹사이트",C,"유망 기술 및 상표의 출원등록을 지원

TLO(기술이전전담조직) 사업 지원

NPE 서비스 지원

개인발명 등의 보호 솔루션 제공",B,"중개수수료
광고수입",C,"지식재산권 매물 등록 유도
등록된 지식재산권 추천/광고 운영
모바일 플랫폼 운영/관리/개선
지식재산권 허위매물 확인
지식재산권으로 발생한 문제에 대한 법률서비스업 알선",A,"모바일 플랫폼 기술/지원
지식재산권 기술 중개 전문인 지원",B,"특허청
특허/법무법인
한국발명진흥회
KISTI",B,"인건비
감가상각비",C
54,,,웨이버스,"
-엄격한 다이어트 식단을 제공하기 때문에 초기 비만인구가 팀의 타겟이라고 생각했었음 다만 서비스를 진행하다 보니 정상체중의 인구들이 다이어트 의지를 가지고 팀의 서비스 이용을 원함

-다이어트 의지가 있는 인구를 PT를 받는 인구로 상정함
*우리나라 피트니스 센터 1만개, 센터 당 트레이너 수 10명, 트레이너 당 회원 수 10명 즉 100만명(우리나라 인구의 2%)

-하루 모든 끼니를 핸들링 할 수 있는 사람을 프리랜서 여성으로 상정함
*우리나라 여성 프리랜서 비율 약 5%

두 고객 세그먼트의 교집합 우리나라 전체 인구의 0.1%를 초기 서비스 타겟 설정 

주 소비자층

통계학적 분석
행동학적 분석
-서울권 대학에 재학 중인 20대 여성
-엥겔지수 20-50% 사이의 인구
-1인 가구
-스스로 삼시세끼를 조절할 수 있음
-간편식 식사 구성이 익숙함
-다이어트에 관심이 많음

주 타겟시장

Tam, Sam, Som
실제 타겟 시장

SOM(우리나라 인구 2%) 
X
프리랜서 여성(인구의 약 5%)
*스스로 식사를 구성할 수 있음
우리나라 인구의 0.1%
5만명을 LAM으로 산정 


",A,"B2B모델(밀러-피트니스 센터)
밀러는 피트니스 센터에게 영양 tool을 제공함
피트니스 센터는 프리미엄 영양서비스가 포함된 회원권을 판매

B2C모델(밀러-고객)
밀러는 고객에게 식단 배송 및 밀착관리를 제공
고객은 기존에 기존 커머스(쿠팡)에서 사던가격 그대로 제품을 구매하기에 추가적인 지출이 없음 + 성공적인 다이어트가 가능함",A,"* 다이어트 커뮤니티등 고객 세그먼트가 많이 분포되어 있는 매체 활용(다이어트 커뮤니티 씨씨앙, 대학생 커뮤니티 에브리타임)
-공동대표들이 현재 근무하고 있는 피트니스 센터를 통한 오프라인 홍보
-공동대표들이 가지고 있는 트레이너 네트워크를 활용한 마케팅 진행

시장진출 및 판매전략

구분
1차 초기 (베타서비스)
2차 (서비스 운영)
3차 (안정화/사업확장)
진출시기
2022.07~2022.12(6개월)
2023.1~2023.12(1년)
-
목표 유저 수
100명
50,000명
10만 명 이상
판매전략
대학생 커뮤니티(에브리타임)
파트너 피트니스 센터 
기술 중심으로 홍보
다이어트 커뮤니티(씨씨앙)
프랜차이즈 피트니스 
센터
플래그십 스튜디오 
오픈
오프라인 헬스장
앱스토어 런칭
인플루언서 대상 홍보
시장
포지셔닝
B2C 다이어트 식단관리
B2B 다이어트 식단관리
운동, 영양
통합플랫폼

",A,"*고객들은 밀러서비스의 영양전문가들을 멘토로 생각하며 의지
-영양전문가들은 개인 맞춤 진단을 내릴 수 있는 전문성을 가지고 있어야 함",A,"B2C모델-매출의 4%를 수익화 할 수 있는 커머스 활용 중
회원 74명 평균 한달 식비 50만원 지출, 한 명이 한달간 2만원 수익

B2B모델-피트니스 센터는 Tool 구독료 월 2만원
우리나라 피트니스 센터 1만개 점유 예정",A,"* 현재 밀러 서비스 진행도(6단계)를 통해 서비스가 진행되고 있음
-6개의 플랫폼 이용중, 각 플랫폼으로 이동할 때마다 생기는 버퍼링에 의해 고객 유출됨
-어플 개발의 필요성 확인",A,"* 국제 스포츠영양코치 자격증 및 생활체육지도자 자격증 취득을 통해 전문성 입증
-현재 관리중인 회원 74명에 대한 고객 검증 자료(포트폴리오) 존재",A,"* ‘밀러’서비스는 쿠팡을 통해 설정된 식단을 배송하고 있음
-추후 고객풀이 확장되는 시점(어플이 개발되는 2022년 12월 말)엔 자체 PB상품을 개발하여 수익률을 높일 계획",A,"* 현재 자체 개발팀 4명과 함께 어플개발 진행중
서버 관리 비용 및 도메인등 부대비용(800만원)
다만 각 요소별 개발되어 있는 모듈 단위에 대한 최적화 필요(1,200만원)

-새해 다이어트를 원하는 인구를 대상으로 마케팅하기 위해 12월 말부터 약 1달간 온.오프라인 마케팅 진행
온라인 홍보를 위한 투자금액(1,000만원) 
오프라인 홍보를 위한 파트너 트레이너 모집비용(500만원)
현재 회원 대상 검증된 roas 800%",A
55,,,심우,"본 사업이 중점으로 잡고 있는 타겟은 펜션을 비롯한 로컬 숙박업체로
상기 그래프에서 확인할 수 있다시피, 온라인 예약의 비중이 점차 확대되고 있다.
2021년 펜션은 약 3억1800만 박 이용되었으며, 전체 숙박 시장 이용률의 25%에 달하고, 7.5조 크기의 거대한 시장이다. 이 중 20대가 900만 30대가 7200만 박을 소비했고, 이는 전체 이용객의 24%, 22%를 차지하는 비율이다.
2020년 펜션 예약은 2억9천만 건으로 이 해에도 2,30대의 펜션 이용률은 45.9%로 2021년과 비슷한 양상을 보였다.",A,"쇼핑 앱 ‘지그재그’ 의 광고비 고정 모델을 차용하여 현재 과열화된 숙박 플랫폼의 
광고 경쟁을 완화하고 정상적인 광고 생태계를 조성합니다.",B,"마케팅 전략 타겟 홍보채널
순위
홍보채널
1순위
유튜브 광고
2순위
틱톡 쇼츠
3순위
인스타그램 릴스
홍보 콘텐츠 형태
순위
콘텐츠
1순위
짧은 영상
2순위
중간길이 영상
3순위
랜딩페이지
홍보 콘텐츠 컨셉 및 예시
컨셉 감각적인 색감과 아이콘을 이용한 3D 영상
AO",B,"서울,경기와 강원도의 접근성과 MZ세대의 수도권 밀집을 고려했을 때, 강원도 펜션을 시작으로 제휴업체를 확장해 나가는 전략을 취했습니다. ",A,"비즈니스 모델, 임베디드 마케팅",B,"반응형 인터페이스 설계, 디지털트윈 탑재, 랜딩페이지",B,"물적자원(3D 펜션 데이터 보유)
인적자원(팀원 핵심역량)
지적자원(디지털 트윈 기술, 리뷰 DB, 정보글 DB)",B,"파트너 : 한양대학교 창업지원단, 동국대학교 창업지원단
        한양대학교 건축공학부 교수, 수원대학교 데이터사이언스 교수
예상 파트너 : 코스메틱 업체(라보페)",B,"Milestone
자금 조달 및 소요 계획
시드머니 500만원
한양대 혁신 창업스쿨 500만원 한양대학교 창업 지원금 150만원 하나파워온 사업지원금 300만원
U300 성장트랙 500만원 TIPS 1000만원
예비 창업 패키지 사업화 지원금 5000만원
3D 스캔 소프트웨어 구입 150만원
3D 스캐너 구입: 1,000만원 제휴업체 스캔: 300만원/30
제휴업체 스캔: 520만원/20 SNS 마케팅: 500만원
제휴업체 스캔: 780만원/30 마케팅 비용: 800만원",A
56,,,글로잉,"K-의류재고 거래(판매 및 구입)가 필요한 업체 및 물류 대행업체
*의류 도/소매 업체 및 기업 (Main User, Subsidy Side)
*역직구 글로벌 셀러 (Main User, Money Side)
*해외 바이어를 보유한 수출 기업
*동남아시아 위주 물류 대행업체",A,"합리적 거래가 / 편의성 및 신속성 제공
*재고품 거래 및 중간 유통단계가 없는 물류 시스템 개선을 통한 합리적 거래가 형성
*의류 업자의 기존 땡 판매 10배이상의 가치로 스타일별 완판 재고품 거래 채널 구축
*경쟁사 대비 의류 수출에 특화된 셀러 맞춤 편리하고 빠른 재고 소싱 채널 구축",A,"직접 중개 / 간접 중개(셀러를 보유하고 있는 셀러 컨설팅 업체 활용)
*자체 채널(시제품 웹페이지 활용 및 자체 글로잉 오픈채팅방 및 밴드)
*타업체의 기존 커뮤니티 활용 및 협업(20K이상의 셀러를 보유한 셀러 컨설팅 업체와의
협업 추진, 해당 플랫폼 내 글로잉 사입채널 카테고리 추가 등",A,"진입 전략 / 고객 부가가치 서비스 제공
*단가 낮은 재고 상품에 대한 접점 형성(재고품 공급업체 & 글로벌 셀러) - 기존 셀러
커뮤니티(네이버 카페 및 오픈채팅방, 밴드 등을 통한 광고 및 정보 제공 컨텐츠 제작)
*고객 중심 편의성/신속성을 고려한 부가가치 서비스 제공(셀러 맞춤 국가별 큐레이팅
기능 고도화를 통한 API 서비스 경험 제공, 물류 프로세스 개선을 통한 불필요한 물류비
감축 등을 통한 유저 lock-in)",A,"* 수익 모델1 : 수수료
*상품 거래수수료 (일반 글로잉 상품 구매 거래)
*배송대행 연결 수수료 (집합배송 서비스 연결시 업체 커미션 등)
- 수익 모델2 : 편의 서비스 관련 구독 서비스
*상품 큐레이팅 (상품 적중도 정리, 국가별 상품 분석, 국가별 트렌드)
*배송 대행 구독 서비스 (구독하면 월별 일정 거래 건 배송비 할인 및 혜택 제공)
- 수익 모델3 : 광고 서비스
*배너 광고 (일반 광고)
*해당 국가 맞춤 마케팅 연결 (현지 업체 리스팅 및 연결, 컨설팅)",A,"기능 개발 / 데이터 확보 / 유저 확보
커뮤니티 확장을 위한 시제품 개발 및 기획 / 실행데이터 기반 시제품 검증 및 재고품
카테고라이징 / 셀러 커뮤니티 진입(타업체와의 협업) & 자체 커뮤니티 생성",A,"주요 인력(개발 및 영업) / 고객 데이터 / 물류 시스템
*웹 개발 유지 및 관리(자체 개발 가능한 인력 2인)
*실거래 고객 데이터 지속 수집 및 분석(확보된 재고품 데이터를 통한 거래 중개 및
데이터 네트워크 구축)
*기존 물류 프로세스 재정립(집합 배송 서비스 가능한 협력 업체 2개 이상, 풀필먼트
사업확장)",A,"의류 도소매업 기업체 및 커뮤니티 / 셀러 컨성팅 업체 / 동남아시아 의류 수출기업
*글로잉 체험단 확보를 통한 재고품 공급라인 확보 및 데이터 수집 (현재 16인 업체 및
재고품 데이터 약 3만장 확보)
*셀러 확보 및 유입을 위한 역직구 대행 플랫폼 (현재 2개 기업과 협업 추진 중)
*셀러들의 판로 확보 및 사업화 전략에 따른 한국 섬유 수출입 협회 MOU체결
(end-customer 동남아시아 바이어를 보유한 수출입 기업 27개 업체 확보)",A,"제품 개발, 판매를 위한 비용 내용 (인건비, 투자, 재료비 등)
웹페이지 유지 보수 인건비 및 시스템 활용 비용(서버비 등), 영업사원 인건비 및 고객 거래 관리
매니저 등",B
61,,,뉴아이즈,"1. 시각장애인
시장 크기/ 
전국 시각장애인 수: 25만2천여명
전세계 시각장애인 수: 약2억5천만명
전세계 보조기기 시장 규모(2024 예측 규모):26,757.4백만달러(한화약37조)
(https://dream.kotra.or.kr/kotranews/cms/news/actionKotraBoardDetail.do?MENU_ID=
180&pNttSn=160464)
2. 거동 불편 노인
시장 크기/
2007년 자료갱신 노인 수(외출 가능 인구): 4,865,142명
(http://kostat.go.kr/wnsearch/search.jsp ) / 거동 불편, 인구총조사
3. 복지 센터 
 예) 한국시각장애인복지관 (http://www.hsb.or.kr/ )
4. 보행 시 스마트폰을 자주 이용하는 고객",A,"고객의 문제/요구 해결안, 차별화포인트(고객이 구매해야 하는 이유)
1. 시각장애인:기존의 흰지팡이는 한손이 무조건적으로 제한이 될 수 밖에 없는데 
 자사제품을 이용함으로써 제한을 없앰. 2. 복지센터: 손을 사용하기 어려운 시각장애인들을 위하여 제품 대여, 판매
3. 확장가능고객/
임산부: 거동이 편치 않고 장애물을 쉽게 인지할 수 없는 임산부에게 장애물을 미리 
감지하고 알려주어 임산부와 태아의 안전을 지켜줌. 노인: 인지능력에 어려움이 있는 노인분들에게 보시지 못하는 장애물을 제품이 감지
하여 낙상사고 방지
4. 보행 시 스마트폰을 자주 이용하는 고객: 직업 특성 상 스마트폰을 보행 시 자주 
사용하여 주변 장애물에 대한 인지가 떨어지는 고객의 사고를 감지 및 예방 가능.",A,"직접 판매(온라인), 간접 판매
1. 네이버 스마트 스토어와 공식 웹페이지 운용, 2. ‘나라장터’를 활용한 판매 ( https://www.g2b.go.kr/index.jsp )
3. 시각장애인 커뮤니티 공동 구매 추진",B,"고객 확보 전략(마케팅 전략), 고객 유지 전략
1. 시각장애인 유튜버 ’원샷한솔’과 협업하여 시각장애인에게 제품 인식. ( https://url.kr/uqglwh )
2. 시각장애인 커뮤니티를 활용하여 입소문 마케팅
 ( https://cafe.naver.com/chamwuli )
( https://cafe.naver.com/silwelstudy )
3. 보건복지부 등 정부기관에 제품 제공을 통해 고객 유치. ( https://url.kr/92e1gy ) 고객유지: A/S 제공, 정기적 고객 요구안 취합, 요구안에 따른 제품 개선.",A,"제품 판매, 공공기관 투자 유치, 추후 상장
제품 가격 전략: 초반에는 인지도를 키우기 위해 무상으로 공공기관이나 커뮤니티에 배포하고 
인지도가 쌓이면 본격적으로 제품을 판매한다. Price Skimming 전략을 통해 개발 비용을 
회수하고 사용자가 많아짐에 따라 가격을 낮춘다. 초반에는 제품 판매만으로 유지할 수 없기 때문에 보건복지부와 같은 공공기관이나 
사회적책임을 중요시하는 기업의 투자를 유치 받아 유지한다",B,"제품 개발, 제조, 판매를 위한 주요 활동
장애물 감지 센서 제품 개발, 제품에 필요한 프로그램 개발, 제품생산을 위한 공장 
서칭, // 보건복지부, 서울특별시 영업",B,"창업을 위해 필요하다고 생각하는 핵심 자원/
지적 자원(특허), 주요 인력(개발,영업,제조), 자금 확보 전략,인프라 확보 전략(제조공장, 센서공장)
장애물 감지 센서 제품 관련 디자인,기술특허(無), 개발을 위한 프로그래머 1명(有), 영업을 위한 경력 인력 2명(無),제품 생산 공장",A,"제품 개발, 제조, 판매를 위해 확보해야 할 파트너/필요성
센서 분야 전문가(공학자, 교수), 프로그램 개발자, 보건복지부(시각장애인 복지 사업 
분야), 서울특별시(S-DoT와 연계하여 데이터 관리)",B,"센서 개당 가격(7000원), 제품 제조 공장 대금, 프로그램 개발자 인건비",A
62,,,마무리,"• 체계적인 죽음 준비 교육을 받은 적 없는 사람
• 죽음 준비 교육을 진행하는 강사 혹은 기관
• 죽음 관련 전문가 ( , , 장례업체 상조업체 변호사 병원 , )
• 삶을 의미 있게 만들고 싶은 사람
• 장례 관련 정보가 필요한 사람
• 죽음에 대해 소통을 하고 싶은 사람",A,"• 일반 유저 : 마무리 로드맵을 통해 죽음 준비를 체계적으로 받을 수 있고 죽음 , 준
비 정보 및 상조 보험 / 정보를 얻을 수 있음
죽음 교육 강사 : • 강의를 등록하여 강의 수익을 얻을 수 있음
• 장례업체 상조업체 장례용품업체 ( , 등 업체를 ) : 등록하여 제품이나 서비스를 판매할
수 있음",A,"유튜브 페이스북 인스타그램 , , 등을 활용하여
• 죽음에 대한 체계적인 커리큘럼을 원하는 이용자에게 교육과 정보를 제공
• 누구든 맞이하는 죽음을 가장 현명하게 받아들일 수 있도록 도움하는 플랫폼의 이
미지로 마케팅",A,"• 고객 확보 : 소셜 마케팅을 통해 마무리를 소개하고 교육 , , 콘텐츠 커뮤니티 등의
서비스를 제공하여 고객 확보
고객 유지 : • 개인 맞춤형 서비스와 예상 수명 시각화 서비스를 제공하여 지속성있
게 서비스를 이용할 수 있도록 함",A,"교육 플랫폼 수익 모델
• 죽음 교육 강의 플랫폼 수수료 - 죽음 교육 전문가가 강의를 마무리 서비스에 등
록하고 사용자들은 , 강의를 구매하여 수강 가능 - 강사가 직접 강의 가격을 책정하
고 수수료 로 책정 10~20%
• 원데이 클래스 플랫폼 수수료 - 죽음 교육 전문가가 시간당 3~5만원 정도로 가격
을 책정하고 수수료 , 10~20%로 책정
• 유료 스터디 그룹 운영비 - 전문가가 구성한 체계적인 커리큘럼으로 구성된 유료
스터디 그룹 참여비를 통한 수익 - ) 6 5~10 , 예시 주 만 원 이 중 운영비 비율은 상황
에 맞게 조정
상조 플랫폼 수익 모델
• 상조업체와 장례업체의 중개 수수료
 - 상조업체가 마무리 서비스에 상조보험을 등록하고 사용자가 , 해당 보험을 가입
했을 시 수수료를 부과하여 수익 창출
 - 200~500 상조보험비용 약 만원에서 수수료 10~20%로 책정
장례 답례품 유골함 , • 등 장례용품 판매 플랫폼
 - 마무리 서비스는 장례용품 판매업체에게 판매 플랫폼을 제공하고 등록 , 수수료
를 통해 수익 창출
 - ) 예시 네이버 스마트스토어의 경우 매출액에 따라 결제금액 기준 최소
3.98%~5.63%의 수수료 부과
광고 수익 모델
• 커뮤니티 페이지에 상조 전문 업체 등을 배너에 광고
• 사용자의 나이 성별 죽음 , , ( 준비 정도 죽음 준비 체크리스트 상조 , , 보험 가입 여부
장기기증 관련 등의 ) 데이터를 수집하고 관련된 업체를 추천하여 광고",A,"1. 
 죽음 교육 플랫폼 a.
 상조 플랫폼 b.
2. 채널을 구축하기 위한 인적 자원 확보
 a. 죽음준비 교육 강사 영입
 b. 상조업체와 장례 용품 판매 업체과의 계약체결
3. 마케팅을 통해 고객확보",A,"인적 자원
1. (4~5), 프로덕트 개발 인원 디자이너 기획자 마케팅 (1), (1), (1)
2. , 죽음 준비 교육 강사 상조 전문 업체 장례용품 , 판매 업체 등",B,"교육 플랫폼 - 죽음 준비 교육 강사
상조 플랫폼 - , 상조 전문 업체 장례용품 판매 업체",C,"• 웹앱 개발 유지 보수 인건비
• 도메인 비용
• 호스팅 비용
콘텐츠 & • 디자인 업데이트 비용
마케팅 전략 • 
• 분석 비용
• 기획 비용",C
63,,,페어링크," 시장분석
- ( ) 고객분석
 > ( ) 36 잠재구독고객 총 만 / 26 , & 10 영업용 장비 만 건설회사 발주처 만
 > ( ) 136 잠재이용고객 총 만 / 36 + 100 구독고객 만 조종사 만
- ( ) 시장규모
 > 건설기계임대시장 글로벌 ( ) 141조원, 국내 30조원3) 규모로 연평균 5.4% 성장
 > ( ) 단기시장 목표 앱 출시 년 후 3 국내 중장비 임대거래 2% (6,000 )
○ 경쟁사 분석 모바일 플랫폼 단 개 이 외 모두 오프라인 거래 1 / 
- ( ) 고액수수료 배차 성공시 고가의 배차수수료 부과 임대료의 수준 ( 7% ) 
- (배차중심설계) 건설회사의 편의성을 전혀 고려하지 않은 단순 배차위주의 설계
로 일감 확보에 한계 존재
- ( ) 단일 채널 OS 안드로이드 단일 개발로 이용자 참여 한계 
 ○ 경쟁사 대비 강점
- ( ) 합리적인 가격 소규모 인 사업체에 부담 없는 배차 수수료 1
 
 > ( ) 초기 무료배차서비스 ( 2 ) 시행 출시 후 년까지
 > ( 3 ) 출시 년차 최소한의 수수료( 1% ) 임대료의 수준 부과
- ( ) 양질의 일감 배차의 주도권을 가지고 있는 건설회사 및 발주처 의 페인포인트 ‘ ’ ‘ ’
를 해결하여 자연스러운 현장확보 유도
- (iOS ) 유일의 배차앱 채널 부재로 이용 못했던 아이폰 유저 확보",A,"1. ( ) 건설회사 서류자동화를 통한 업무 생산성 향상 / 서류 미비에 따른 과태료 예방
 현장안전관리시간 확보로 / 안전사고 예방 / 장비기사 경력에 대한 신뢰성 향상 
2. ( ) 장비회사 경쟁사 대비 저렴한 배차수수료(7% 1%) / → 경력에 합당한 대금
 / 계약서 의무 작성으로 체불방지장치 마련 / 애플유저를 위한 앱 출시
3. ( ) 발주처 경영평가 등급향상을 위한 지표관리 용이 안전사고 방지를 통해 / 
 중대재해처벌법에 대한 우려 감소",A,"○ 단계별 마케팅 전략
- 이용 고객층이 분명한 시장임에 따라 특정 온라인 카페 채널 등을 , 이용하여 
저비용으로 마케팅 효과 극대화 가능
- 보유 인적 네트워크 활용하여 초기시장 확보
구분 세부방안 전 략 비 고
홍보
사전가입 
이벤트 ․ 사전가입자 경품 혜택 지급 / 노조 협회 협조 , 
유튜브 
홍보영상
․ 중장비 유튜버 섭외 및 홍보영상 
촬영 제휴를 통한 꾸준한 업로 / 드 아씨 리틀포크맨 , 등
공공건설현장 
방문
․ 경영평가 항목 중 평가지표 ESG 
가점 활용방안 홍보 공공기관 네트워크 활용
민간건설현장 
방문
․ 생산성 향상 효과 홍보
․ 과태료 방지 효과 홍보 개인 네트워크 활용
광고
네이버 포털
키워드 광고
․ 건설장비명 지역명 조합의 키워드 +
검색 광고 ‘ ’ 장비박사 광고 중
네이버 카페
배너 광고 ․ 주 고객층의 메인 커뮤니티 홍보 굴라잡이 건설공무 , 등",A,"○ 고객 확보 
 - ( ) 출시 초기 무료서비스 배차 및 구독서비스
 - ( ) 기존 거래관계 건설업체 장비 를 활용한 ↔ 링크 문자 전송 이벤트 
○ 고객 유지 
 - ( ) 장비업체 누적 경력관리 및 매출데이터 활용 기장관리 서비스를 통한 락인 효과
 - ( ) 건설회사 특수고용노동자 보험신고를 위한 누적 매출 및 대상자 분류 서비스 제공 ",A," ○ 세부 비즈니스 모델
- ( ) 건설회사 검증된 장비업체 제공 및 생산성 향상 제공
 
 > ( ) · , , , 무료기능 검증된 장비 기사 제공 공정별 추천 배차 서류검증 전자계약
 > (유료기능) 서류자동화 특고관리 , / 구독료 만원 월 : 5 /
 : , ※ 구독료 결제방식 웹결제 전자세금계산서 발행 등 
 - 최대한 인앱결제를 배제하여 앱마켓 플랫폼 수수료 절감 
- ( ) 장비업체 일감 및 체불방지장치 제공 
 
 > 무료기능 거리별 배차 서류관리 경력관리 전자계약 지급보증가입 확인 ( ) , , , , 
 > (유료기능) 보험 정기검사 관리 기장대행 · , / 구독료 만원 월 : 5 /
 ( ) ※ 초기단계 배차수수료 무료정책 예정 구독료와 별개임
 ※ 유의미한 시장점유율 확보 시 최소한의 배차수수료 부과 예정
- ( ) 발주처 수검 대비 양질의 서류 완비 중대재해처벌 방지 , 
 
 > (유료기능) 서류검증 양식일원화 중장비관재시스템 , , / 구독료 만원 월 : 10 /
- ( ) 제휴회사 빅데이터를 활용한 업무 제휴 
 > 보험가입기간 소모품 교체주기 장비점검기록 등을 활용하여 , , 맞춤형 광고, 
 , 공동구매 소모품 정기구독 등 서비스 개발
 > 데이터 제공 및 판매실적에 대한 수수료 획득",A,"* (iOS ) 최초 배차 앱 장비업체 중 아이폰 유저 유입 독식 약 ( 1만명) 
- ( ) 초기 무료 정책 기존 경쟁사 이용자 흡수 약 ( 2~3만명)
- ( ) 사전가입용 앱 제작 앱 출시 전 장비업체 사전 가입 유도
 > 사전가입자 선물 이벤트 시행 
 > Pool 충분한 장비업체 확보 및 서류검증 이후 건설회사 홍보 시행 
- ( ) 네트워크 활용 보유 네트워크 활용한 시범사업 및 확대 시행
 > 현재 소속된 남동발전 건설현장을 통한 POC 시행
 > 건설회사 및 공공기관 인적 네트워크를 활용하여 초기 시장 진출 
- ( ) 선별 투자 건설산업과 관련된 와 지원사업 중심 선별 매칭 VC
 > GS , 현재 건설 호반건설 등 일부 VC 건설사 사업 시행
 > 한국토지주택공사 등 건설 유관 공공기관 지원사업 활용
- ( ) 공공기관 전략 경영평가와 관련된 지표를 향상시킬 수 있는 사업에 대한 비용 
지출에 우호적임
 > ( ) 안전지표 현재 많은 공공기관이 건설회사( ) 도급사 의 안전관련 서류관리
 미흡으로 경영평가 항목 중 안전지표에 낮은 평가를 받음
> ( ) 사회적가치지표 체불방지를 통해 비계량 가점 가능",A,"1. 지적자원
 - ( ) 특허 1 / ‘23 1 출원 개 완료 년 추가 출원 개 예정
2. 주요인력
 - ( ) 개발 ( 11 +) 삼성출신 시니어 개발자 보유 경력 년
 ‘23 3 ( 1, 1, 1) 년 말 인 충원 예정 프론트 모바일 백엔드
 - ( ) 디자인 건축전공자의 직접 디자인
3. 자금 확보
- ( ) 예 창 패 '23. 2Q / 1 예비창업패키지 지원 억원 목표
- ( ) 시드투자 '23. 4Q / 2억원 투자 유치
- ( ) 경진대회 ‘22~‘23. 각종 경진대회 모두 참가
4. 현장 확보
 - ( ) 남동발전 5 전국 개 메인 발전소의 유지보수공사 및
 5 3 향후 년 약 조원 규모의 신규건설공사 확보",A,"1. ( , , ) 노조 협회 중장비 면허학원 장비기사 및 장비업체 유입을 위한 노동조합 및 
 , 주요 협회와의 협약 필요 초보기사 가입유치를 위한 장비학원 집중 홍보
2. ( , ) 한국남동발전 주요 공공기관 및 대기업 건설사 POC 및 초기판로개척",A,"○ 고정비 합계 년차 기준 (2 ) : 4 9,360 억 만원
○ 인건비
분야 직급 연봉
( ) 만원
인원
( ) 명
인건비 합
( ) 만원
전략기획 CEO 6,000 1 6,000
마케팅 영업 · CMO 6,000 1 6,000
개발비
CTO 8,000 1 8,000
개발자 년차 (3 ) 5,000 3 15,000
디자이너 년차 (3 ) 5,000 1 5,000
합계 7 40,000
 ○ 마케팅 및 영업비용
분야 단가
( ) 만원
횟수
( , ) 개월 회
금액
( ) 만원 비고
네이버카페
배너광고 120 12 1,440 30만원
x 4곳
네이버
키워드광고 200 12 2,400
유튜브
영상 제작 100 12 1,200 50만원 
x 2곳 
출장비 200 12 2,400 유류비 숙식비 , 
합계 7,440
 ○ 관리비 및 기타 고정비
분야 단가
( ) 만원
횟수
( ) 개월
금액
( ) 만원 비고
사무실 임대 20 12 120 사무공간 
지원사업 활용
서버운영비용 50 12 600 비용 AWS
기타 운영비 100 12 1,200
합계 1,920",A
64,,,나나랜드,"1) 지자체
2) 상품소비자
3) 팬덤소비자",C,"
1) 지자체 : 직접적인 컨택을 통해 지자체 지자체 맞춤 상품 개발에 도움을 줌
2) 상품소비자 : 나나랜드 여행상품 소비자
3) 팬덤소비자 :  나나랜드 여행컨탠츠 소비자",B,"
온라인 마케팅 sns 인스타그램 , 블로그 카카오톡 1:1 채팅방 운영
오프라인 마케팅 : 동대문,홍대,광화문등 주 1회씩 나나랜드 팝업스토어 진행.
나나랜드 굿즈 제공으로 추후 고객 모집",B,"
상품 소비자 : 나나랜드의 여행상품을 소비하는 소비자
팬덤 소비자 : 나나랜드의 여행상품이외에 여행 관련 컨텐츠 및 여행 굿즈를 소비하는 소비자.
관광상품개발에 어려움을 겪고있는 지자체.
지자체 직접 컨택으로 상품 개발 단계에서 함께 상품 개발. 
고객 확보 : 나나랜드 어플 유입, 지속적인 온,오프라인 마케팅으로 잠재고객확보 
실제 주 3회 릴스,틱톡등 다양한 컨텐츠 제공결과 초기 계정에 비해 인사이트값 252%상승
고객 유지 : 스토리텔링과 게이미피케이션 요소를 집어넣어, 재방율을 확대",A,"
지원금 : 숭실대학교, 고려대학교 Pre-Startup 팀선정 및 부가적인 정부 지원사업에 선정된 이후 현재 약 1,000만원의 자본금을 바탕으로 사업확장 중에 있음

(여행)상품 판매를 통한 소비자에게 얻는 수익
여행 어플 관련 배너광고를 통한 수익 및 나나랜드NFT 판매를 통한 판매수익",A,"
나나랜드 상품 개발
1. 나나랜드 in 북촌 상품으로 북촌 지자체와의 협업으로 100년역사의 전통한옥에서 빚는 나만의 전통주 만들기.
지자체 맞춤 여행 상품 개발 및 ",B,"
다양한 인적자원 개발자 3명과, 디자이너 1명, 상품개발자 3명으로 이루어져 다양한 시너지 효과와 상품개발 및 서비스개발에 있어 빠른 진행력
북촌, 전라도 등 이미 확보된 (제휴완료된) 지자체 관광자원",A,"
B2C : 상품소비자, 팬덤소비자
B2G : 북촌 문화센터, 전라도청 관광부, 숭실대학교, 고려대학교 
여행상품 개발을 추진하고 있는 지자체에 직접적인 컨택을 통해 상품개발단계에서부터 나나랜드가 참가하여 유통까지 나나랜드를 통해함으로써
퀄리티 높은 공정여행을 합리적인 가격으로 제공",A,"
굿즈 원재료 값, 어플 유지 보수 비용.
여행 상품 개발비용: 여행 상품 개발에 필요한 실사 비용 및 시제품 제작비용",B
65,,,오아시스,"
정비 및 튜닝 기술자, 자동차 소유주, 자동차 용품 판매자
 - 자동자 정비 및 튜닝 서비스가 필요한 ‘소비자’
 - 안전, 보건, 환경, 품질 등 인증 된 자동차 용품이 필요한 ’소비자’
 - 새로운 고객층 확보와 홍보 플랫폼이 필요한 ‘기술자‘
 - 새로운 자동차 용품 유통채널이 필요한 ’판매자‘ ",A,"
기술자 및 차량 소유주 문제/해결 가치제안
1. 기술자
 - 새로운 고객층 확보
 - 신뢰성 획득 가능

2. 자동차 소유주
 - 신뢰성 있는 영업소 확인 가능
 - 합리적인 비교 견적 선택 가능",A,"
유튜브, 인스타, 메타버스 플랫폼
1. Car Agent 메타버스 플랫폼 적용방안
   - 자동차 데이터 활용을 통한 고객의 자량을 가상공간에 구현
   - 가상에서 구현된 자신의 차를 튜닝 한 후 모습 체험

    → 결론: 자신만의 개성을 좋아하는 MZ세대 타겟 및 실제 튜닝 후 높은 만족감
2. Car Agent 유튜브, 인스타 적용방안


",B,"1. 시장 진입 전략
 ⑴ 네트워크 효과
  ① ‘정비 및 튜닝 업체’와 ‘소비자’의 양면시장 (Chicken and Egg Problem)
   - 지불자와 보조자 그룹 인지 규정

지불자 (Money Side)
보조자 (Subsidy Side)
자동차 정비 및 튜닝 업체
자동차 정비 및 튜닝이 필요한 소비자


    → 결론: 지불자 그룹 먼저 플랫폼에 입점시켜 보조자 그룹의 소비자 유도

   - 지불자 그룹의 ‘Marquee User’ 즉, 매우 중요하고 타 플랫폼에 미입점 고객 유치
    → 초기 네트워크 확보 시작
     √ 튜닝 업체 먼저 플랫폼 입점을 통해 보조자 그룹의 신뢰/편의성 향상

   - 양면시장 형성을 위한 ‘Stage Mode’
    → 지불자 그룹 전용 페이지 준비
     √ 고객 유입 데이터 분석
     √ 판매량을 통한 재고 예측 데이터 분석

 ⑵ 교차보조도구 활용 교차네트워크 유지 및 확대
  ① 공짜 미끼
   - 쿠폰 발행, 할인 혜택 제공
    → 지불자 그룹 유인 이후 보조자 그룹 유입 전략",A,"⑴ 수수료 비용 산정

  ① 카닥 수수료

카닥
월 고정 비용
국산차
수입차
금액
100,000
1,900
3,200

    - 월 고정 비용
     → 25% ~ 35% 저렴
    - 국산차, 수입차 수수료
     → 21% 저렴
   
     → 결론: 정비, 튜닝, e-커머스 동시 진출로 경쟁사 대비 저렴한 수수료 수취 가능",A,"
웹페이지 개발, 영업
- 서비스를 위한 웹페이지 개발 및 운영
- 네트워크 효과를 위한 정비 및 튜닝 업체 입점 영업 활동",B,"
자금, 웹페이지 개발 인력, 영업 인력
- 웹페이지 개발 시 요구되는 많은 자금
- 웹페이지 개발 가능 인력
- 정비 및 튜닝 끌어오기 위한 영업 인력",B,"
플랫폼 전문가. 투자자
- 플랫폼 사업의 전문가를 통한 사업 고도화
- 투자자를 통한 서비스 개발 준비",B,"   - 인건비
    → 1단계 이후 매출 시작 2단계부터 직원 월급 지급예정
     √ 해당 내용 직원 모두 동의 및 참여

   - 홍보비
    → 매출액 8% ~ 10% 고정 유튜브, 인스타 등 홍보 비용 산정

   - 개발 고정비
    → 영업이익 시작 전까지 최소한의 비용 산정으로 활용 계획
    → 트래픽에 따라 유동적으로 비용 산정 변경 가능
  
   - 투자자 EXIT전략
    → 영업이익 시작 3단계부터 투자자 EXIT 가능
     √ 3단계 도달 단계 예상은 서비스 출시 이후 2.5년 예상",B
67,,,이즈,"1. 개인 연주자 / 전공자
2. 지휘자
3. 오케스트라 단원
4. 학교
5. 작곡가
등 모든 악보를 보고 연주를 하는 사람들",C,"1) 비전공자 연주자 : 개인의 연습을 도와줌 ( 악보 스캔/업로드를 통해 연주 기능 
제공, 틀린 음/박자 검출 -> 연습해야 할 구간 추천 및 연주 제공
2) 악보 판매 기관/사이트 : 일부 악보 제공을 통해 기관/사이트의 광고 기능 제공, 온라인 악보 구매율 증가
3) 단체(오케스트라, 찬양단, 학원 등) : 원활한 단체 연주 진행을 도움 (악보를 넘길 
수 없는 상황에서 자동으로 넘겨짐)
4) 교육기관 : 실물 악보 다량 보유의 필요성 감소= 비용감소, 자원 절약",A,"악보 바다 광고(악보 판매 사이트를 통한 광고),
단체(오케스트라)/교육기관을 통한 소비자 유도(교육기관에 합리적인 가격으로 단체 구독 
서비스를 제공하여 소비자를 만든다.), 
해외 음악 관련 유튜버를 통한 광고(유튜버에게 구독 서비스를 제공하는 조건으로 영상에 
유출한다.),
아날로그 악보 판매업체를 통한 마케팅(악보에 1달 무료 이용권 서비스를 제공한다.)",A,"고객 확보 : 소셜 마케팅, 입소문 마케팅, 교육 시설을 통한 마케팅
고객 유지 : 꾸준한 업데이트 및 기능추가, 피드백 반영, ",B,"무료 서비스와 구독 서비스를 나눈다…. 구독 서비스 단계별 제공(=개인, 단체, 등의 인
원들이 합리적인 가격으로 애플리케이션을 사용할 수 있음), 광고 수익",B,"애플리케이션 개발, 교육기관 영업(학교, 오케스트라, 음악 학원 등), 악보 판매업체 
영업",B,"AI를 다룰 줄 아는 프로그래머, 음성인식(Hz 분석) 알고리즘 개발자, 앱 개발자",C,"프로그래머, 악기 관련 전문가(지휘자, 다양한 악기를 다룰 줄 아는 연주자, 작곡가), 온라인 
악보 판매업체, 악보를 사용하는 교육기관",B,"유지보수(오류 관리, 업데이트), 애플리케이션 제작비용 (인건비, 제작 툴), 
애플리케이션 등록 수수료",B
68,,,포포,"1. 기존에 해외의 애니메이션 컨텐츠를 즐기던 해외 애니메이션 마니아층과
 기존에 국내 웹툰 혹은 소설 컨텐츠를 즐기던 국내 작품 마니아층
2. 기존에 애니메이션이나 만화같은 문화에 관심 없었으나 관심을 갖게된 사람들",A,사업의 타겟으로 설정한 고객군에게 이롭거나 필요하다고 생각되어 정당한 보상을 받을 수 있는 제품 및 서비스인지를 검증할 수 있습니다.,B,제품과 서비스를 고객에게 효율적으로 전달할 수 있는 방법을 기재합니다.,B,"제품이나 서비스를 고객에게 인지, 체험, 판매시키고 나아가 고객을 유치 및 유지할 수 있는 방법을 기재합니다.",B,고객에게 판매하는 제품 및 서비스의 가격 전략이나 수익 흐름의 전반적인 구조를 기재합니다.,B,성공적으로 타겟 고객에게 제품 및 서비스를 전달하기 위해 회사에서 진행할 활동을 기재합니다.,B,성공적인 사업 수행을 위해 필요한 주요 자원을 기재합니다.,B,"사업을 진행하는 데 있어 원재료, 물류 담당 파트너 등 사업 전 분야에 협력 관계를 맺을 파트너와 그 필요성을 기재합니다.",B,사업을 성공적으로 수행하는 데 필요한 모든 비용을 기재합니다. ,B
69,,,기록,"
인터뷰영상으로 지금을 기록하고자 하는 고객
- 부모님의 생전 기록을 생생하게 남기고 싶은 4050
- 조부모님이나 부모님을 남기고 싶은 2030
- 졸업사진을 넘어, 졸업인터뷰영상을 남기고 싶은 대학졸업생",A,"
일반인 영상기록문화 생성
- 일반인도 쉽게 남기는 영상 기록 (인터뷰)
- 목소리와 움직임, 생각까지 담는 영상 기록 문화 생성
- 불투명하고 비싼 영상 생태계 개선",B,"
오프라인 매장, 유튜브, 인스타그램 릴스
- 오프라인 매장(스튜디오)를 통해 고객과 직접 만남
- 유튜브, 인스타그램 릴스를 통해 영상을 업로드하여 SNS홍보",B,"
아파트 모임 홍보 및 SNS인플루언서 마케팅
- 4050 타겟으로 아파트에 전단지 및 제휴
- 2030 타겟 SNS인플루언서 마케팅으로 ‘영상기록문화’ 생성",B,"
B2C 대면서비스로 고객 방문결제
각 인터뷰영상 당 기본 10만원 발생, 옵션 추가를 통해 영상 편집의 수준 선택 가능",A,"
일반인 인터뷰영상 제작 서비스
- 인터뷰영상 제작 과정 규격화
- 고객 대상 인터뷰영상 제작 서비스 실행 및 홍보",B,"
촬영 장비 및 제작 역량
- 촬영 장비(카메라, 조명, 무선마이크)
- 촬영 및 편집 역량 보유 2명
- 대표자 인터뷰 경험 다수",B,"
스튜디오, 심리상담기업
공간 임대 스튜디오, 인터뷰 질의내용 및 진행 자문을 구할 심리상담기업",B,"
공간 임대비, 인건비
- 스튜디오 임대 비용
- 촬영 및 편집 진행 인력 인건비",B
70,,,태권도문화본부_tch,"태권도사범,관장
태권도수련생
관련종사자
OTT플랫폼 관계자",C,직업관: 경쟁력에 대한 영향력. 일자리창출: 패러다임의 형성. 루키: 경험으로 인한 기회 제공. 융합: 장르간의 우수성 전달.,C,"온라인: 유튜브,인스타 플랫폼에 오리지널콘텐츠 공개 및 광고 영상으로 유입합니다. 오프라인: 오리지널콘텐츠 공개 행사 및 관련 박람회 참여 이벤트로 구축합니다.",C,인지도: 콘텐츠에 담겨있는 메시지가 온라인을 통해 전달되어 영향력을 선사합니다. 지속성: 사업화 될수 있는 콘텐츠의 강점을 보여주겠습니다.,C,"제작된 콘텐츠의 시도로인해 오리지널콘텐츠가 지속된다면 그에 따른 부가가치를 
창출할 것이고, 콘텐츠로 인지도를 구축했다면 자체적으로 융합 커뮤니티 플랫폼형성, 기반의 장르가 교육적으로도 나타내기에 멤버쉅 실행, 월 구독료로 인한 수익 
구조를 나타낼수 있도록 합니다",A,"구체화된 기획,소재 발굴 및 제작하기 위한 지원사업에서의 자금 확보입니다.",C,"기획,제작된 콘텐츠로 인지도 구축을 위한 유통 매체로 온라인 플랫폼
(유튜브,네이버,인스타 등) 자체개설 및 협력 유통 계획 방안입니다. ",B,"콘텐츠 제작에 핵심이자 사업화를 구축하기 위한 팀원과 태권도 관련 기관
(국기원,대태협,태권도원 등)과 태권도장 프랜차이즈(MTA,K타이거즈 등)입니다.",B,"지원사업으로 콘텐츠를 제작하여 BM이 될 수 있도록 구축하는 과정을 계획하면서
향후 지원사업을 제외한 수익성을 나타낼수 있는 아이템으로 형성 합니다. ",C
73,,,무비아,"무비아는 창출할 ‘영화감상공동체 시장’을 메인 시장으로 정함. 하지만 기존에 존재
하지 않는 시장이므로 자사 서비스와 관련된 지표들을 활용해 그 시장 규모를 추정
했음.
*[정보통신정책연구원: 세대별 OTT 서비스 이용 현황] *자사의 영화 글쓰기 서비스 유저는 ‘OTT 영화 시청자’로 산정. -OTT 영화 시청자=한국 인구 × OTT 이용률(81.7%) × OTT 영화 장르 이용률(15%)
-MZ세대 OTT 영화 시청자=MZ세대 인구 × MZ세대 OTT 이용률(95%) × MZ세대 
OTT 영화 장르 이용률(9.8%) -인서울 대학생 OTT 영화 시청자=서울 소재 대학교 학생 수 × MZ세대 OTT 이용
률 × MZ세대 OTT 영화 장르 이용률
*자사 스트리밍 서비스는 단건 결제이기에 고객은 온라인 영화 시청을 좋아하면서
(OTT 영화 시청자) 건당 결제(×TVOD이용률) 경험이 있는 유저로 산정. 이 고객은 
자사 플랫폼에서 한 달에 한 작품만(×1회 티켓값) 보는 것으로 가정함. -건당 결제(TVOD) 이용률: 2%
-MZ세대 건당 결제 이용률: 3%
-무비아 피플 티켓값: 3,000￦ 
Ÿ 중소영화배급사 관객 점유율 *[2022년 상반기 한국 영화산업 결산 보고서] *중소배급사 합계점유율: 15.5%
*관객 점유율 TOP10 中 중소배급사 2곳(3위, 10위) *무비아가 유통해오는 중소배급사 영화의 상업성과 니즈를 입증하는 지표",A,"*영화평점사이트(광고경쟁사)와의 차별점
Ÿ 차별점: 영화에 호감정을 느끼는 유저 비율이 더 큼. Ÿ 이유: 영화평점사이트는 혹평처럼 영화에 부정적 감정을 표출하기 위해 접속하는 
유저도 다수임. 대표 평점사이트, 왓챠피디아가 공개한 2022년 상반기 평가수 1
위 영화는 <닥터 스트레인지: 대혼돈의 멀티버스>임. 총 8만명이 별점을 매긴, 가장 많은 평가를 받은 영화로써 그 평균이 3.3이라는 점을 감안하면 호평과 혹
평 유저의 비율이 분분함을 알 수 있음. 이와 달리, 무비아 유저는 호감정을 느
낀 영화의 감상글을 남기거나 찾아 읽기 위해 접속하는 경향이 강함. 자사 플랫
폼 목적 자체가 유저가 서로의 글을 매개로 영화의 여운을 지속하기 위함인데 혹평을 준 영화에 대해선 굳이 그럴 필요가 없기 때문임. 타영화사이트보다 무비
아는 영화에 호감정을 느끼는 유저의 비율이 더 크며 이는 유저의 낮은 영화광
고 거부감으로 이어짐. 그렇기에 무비아는 영화광고 노출량을 높게 설정할 수 있
고 그 결과, 높은 구매 전환율을 보일 것을 예상함",A,"SNS 콘텐츠 마케팅 1. 무비아 SNS 공식 계정 운영
2. 유저의 SNS 공유 기능
네이버 블로그 협찬 마케팅 글쓰기 분야 블로그 인플루언서를 통한 홍보",B,"전략 내용
고객 확보 
전략
1. <무비아 피플> 티켓 제공. -가입 후, 첫 카드 생성 시 <무비아 피플> 1회 관람 티켓 제공
-초대링크로 가입한 경우, 최초 카드 생성 시 가입자와 초대자 
모두에게 티켓 제공(둘이서 영화 동시 감상 유도) -효과: 자사의 핵심 컨텐츠인 카드 수의 증가를 유발함과 동시에 
유료 서비스 체험도 제공함으로써 2가지 핵심 서비스의 활성화. 2. 영화 프로필 카드 외부 SNS 공유 기능
-효과: 외부네트워크 효과. 유저가 자사 콘텐츠를 공유함으로써 
자연스럽게 플랫폼이 홍보됨. 고객 유지 
전략
1. 우수 카드 선별 시스템
도입 이유: 커뮤니티 서비스에서 유저가 원하는 가장 큰 보상이
자 동기부여는 ‘인정 욕구’라고 판단했음.
충성 고객 
전략
1. 멤버쉽 혜택 제공
-대상: <무비아 피플> VIP 고객 -기준: 상위 3% 관람 횟수
-혜택: 
1) 오프라인 영화 티켓(CGV, 메가박스 등) 제공
-무비아는 2차 판권을 유통하기에 영화관은 경쟁사가 아님. 오
히려 유저가 영화관에서 영화 관람 후, 자사 플랫폼에 접속해 
카드를 생산할 가능성이 있음. 2) <무비아 피플>과 연관 상품 제공
-편의점 금액권, 목배게, 전자레인지용 팝콘, 노트북 거치대 등 
<무비아 피플>을 더 잘 즐길 수 있는 상품을 제공함.",A,"1. 서비스 결제 수익: 무비아 피플 티켓값(3,000￦), 뉴스레터 구독비(월1,500￦)
2. 광고 수익: 배너 광고, 영상 광고, 뉴스레터 지면 광고 수익",A,"핵심활동
웹/앱 개발 글쓰기 서비스 UI/UX 개발, 실시간 스트리밍 서비스 UI/UX 개발
서비스 
운영관리
1) <영화 감상 카드>: 매주 우수 카드 선정
2) <무비아 피플>: 매달 상영 라인업 기획, 실시간 스트리밍, 감상방 
모니터링(신고제, 그룹원 이상 행위 검거), 
3) <영화로운 나날>: 뉴스레터 제작 및 발송
판권 계약 중소영화배급사 상대로 유통 영업. 광고 계약 일반광고주, 영화산업광고주 분류해 광고상품 영업",A,"핵심 콘텐츠
‘영화 감상 카드’가 자사 플랫폼의 기반이 되는 핵심 콘텐츠(자원)
임. 서로의 글을 매개로 네트워크 효과를 발생시키기 위해선 유저 
생산 카드 수가 영화별로 고루 확보되어야 함. 주요 인력
1) 개발팀: 2가지 핵심 서비스의 UI/UX를 개발. 2) 마케팅팀: 스타트업 기업으로서 마케팅팀의 활동 범위가 넓음. 운영, 기획, 홍보를 담당
자금 확보
전략
‘애자일Agile’ 개발방식 적용. 
‘프로토타입 제작→투자사 검증/피드백→프로토타입 제작’의 과정을 
신속히 반복하면서 투자 유치를 진행함. 이후에는 베타버전으로 전
환해 위 과정을 다시 신속히 반복하면서 다음 투자 유치를 진행함.",A,"한국의 메이저 배급사가 아닌 중소 배급사가 핵심파트너. 
Ÿ 이유
1. ‘상업성’도 갖춘 다양성 영화
<무비아 피플>은 OTT가 아닌 매달 테마 기획상영임. 대형배급사의 상업영화가 아
니라, 다양성 영화인데 상업성도 갖춘 작품을 대상으로 함. 따라서 주류와 비주류의 
경계에 있는 작품을 다루는 중소 배급사가 자사 조건에 부합함. 2. 장르의 다양성
중소 배급사는 특정 장르를 전문으로 배급함. 애니메이션처럼 대형배급사는 다루지 
않는 장르를 배급하는 등 상영 라인업을 신선하게 큐레이팅해야 하는 자사 입장에
선 영화 간 조합의 다양성을 얻을 수 있음. ",A,"초기
프로토타입 개발비
중기
최소기능제품(MVP) 개발비
후기
베타버전 개발비 및 출시비
운영
유지비, 인건비, 판권유통비",B
75,,,아바타,"1. 가상피팅 서비스 사용자 (B2C 고객) 1.1 스타일에 신경 쓰고 싶으나, 매일 고민하는 사람
 1.2 옷이 가득하지만, 무엇을 입을지 고민하는 사람. 1.3 옷을 잘 입고 싶지만 , 구매 여력이 부족한 사람. 2. 쇼핑몰/ 패션 업체 (B2B 고객) 2.1 홍보 방법을 고민하는 쇼핑몰/패션 업체
 2.2 본인들 옷을 고객에 맞게 디자인, 제작하고 싶은 업체
 2.3 매출 증가를 위해 고민하는 업체",A,"사용자 입장에서 보다 편리하고 사실적인 가싱 피팅 경험 제공. B2B로 기존 중, 소형 쇼핑몰에게 제품 홍보 기회 제공.",C,"협약 쇼핑몰 (웹사이트, SNS 계정)
서비스 자체 홍보 채널( SNS, Youtube, 모바일 서비스(제작중), 웹사이트(제작 완료.))",B,"B2C
[서비스 이용자]
고객 확보: 대학별 알리미 (전국 30여개 대학 구성원으로 구성된 채팅방 운영)
고객 유지: 피팅을 비롯한 뷰티, 헤어, 피트니스, 소개팅과 같은 서비스 확장으로 
 고객 유지 & 고객 추가 확보
B2B
[협력 업체 (쇼핑몰/ 패션업체)
고객 확보: B2B 협력으로 win- win 관계를 강조( 쇼핑몰 입장: traffic증가, 자사 
 서비스 입장 : 의류 데이터(사진, 치수) 획득. 고객 수 확보.)
고객 유지: 상호 보완적 관계를 고객들 신체 데이터를 자사 서비스가 소유하고 
 있다는 점을 헤게모니로 부각, 협력업체 트래픽 증가에 기여함으로 
 고객 유지.",A,"1. B2B를 통한 수익 구조
-> 자사의 서비스를 통해 의류 구매유도- > 이를 통한 구매 금액 중 일부 수수료. -> 협력 업체 추천, 노출을 통해 수익
2.플랫폼 배너 광고",B,"영상처리를 통한 개인 맞춤형 아바타 제작. 중, 소형 쇼핑몰과의 B2B 협력. ",C,"영상처리를 통한 아바타 구현, 이를 위한 모바일 서비스. 홍보 페이지(SNS, 웹)
B2B를 위한 소프트웨어 Tool.",B,"영상처리 관련 전문가(한양대학교 교수(대표자 관련 교수), 외부 기술 멘토(대표지인)
중, 소형의 온라인 쇼핑몰/ 패션 업체(기업)들",B,"1. 서비스 개발 인건비(팀) -> 팀내 자체 제작
2. B2B 협력 (대표 본인) -> 상호 보완적 관계 형성으로-> 비용 x
3. 마케팅 비용 -> SNS광고 , 인플루언서, 유투브 채널을 통한 광고 비용 해당.",B
76,,,핏뷰,"피트니스를 좋아하는 개인들과 시장에 종사하고 있는 업체 
- 헬스를 하는 MZ세대
- 피트니스 관련 업체(헬스 의류, 헬스 용품, 헬스 식품 등) - 피트니스 관련 창업을 희망하는 사람
- 헬스장",A,"세상에 있는 모든 피트니스를 보다
- 헬스인: 피트니스 관련 제품(의류, 식품, 용품)을 한 곳에서 쉽게 구매, 주변 
헬스장에 대한 상세한 정보 흭득(가격, 시설, 강사진 등) - 피트니스 관련 제품 업체: 손쉬운 제품 판매와 홍보, 오직 제품의 퀄리티에만 
집중할 수 있는 환경(CS 관련 책임 회픠 가능) - 헬스장: 피트니스 관련 제품의 업체로부터 광고를 받을 수 있음(→수익창출), 
원하는 광고 종류와 광고 템플릿 자유롭게 편집 가능, 헬스장 고객들의 데이터 
분석 환경 제공, 타겟 고객에 대한 헬스장 홍보 가능",A,"항상 헬스인들의 의견을 듣고 가까이 할 수 있도록 하는 공간 
- 인스타그램: 헬스인들이 궁금해하는 짐웨어 정보, 헬스 관련 정보를 보기좋은 
콘텐츠로 제작
- 네이버 블로그: 헬스 매니아들이 짐웨어를 사기 전에 상세하게 짐웨어에 대해 알 
수 있는 리뷰 콘텐츠 제공 (광고X) - 헬스장: 타겟 고객에 대한 광고",A,"영리적 목적의 사업이 아닌 국민의 건강 증진을 위한 고객들과의 관계 형성
- 플랫폼 유저: 건강에 대한 증진과 긍정적인 인식 제공을 위한 대상
- 플랫폼 입점사: 함께 성장할 수 있는 공동체
- 헬스장: 헬스장 문화를 개선시키기 위한 공동체",A,"피트니스 플랫폼 서비스 제공과 헬스장 솔루션 공급
- 거래 수수료: 플랫폼 내 발생한 거래에 대한 3% 수수료 취하
- 광고 패키지: 플랫폼 내 광고를 할 수 있는 패키지 판매
- 헬스장 솔루션 공급: 헬스장에서 광고를 창출할 수 있는 환경 제공, 초기 설치 및 
유지관리에 대한 솔루션 공급
- 자사제품 제조 및 판매: 자사제품(헬스 의류, 헬스 장비) 제작하여 고객들에게 직접 
판매",A,"피트니스 플랫폼에 유저를 유치하기 위한 활동
- SNS를 통한 짐웨어 및 헬스 관련 콘텐츠 제작
- 자신의 신체 특성과 어울리는 피트니스 의류(짐웨어) 추천 서비스
- 원스탑 피트니스 쇼핑 App 서비스
- 헬스장도 광고로 수익 창출할 수 있는 솔루션 서비스(SaaS)",A,"피트니스 의류 추천을 위한 DB 구축
- 국내의 피트니스 의류(짐웨어) 사이즈 Data 수집
- 피트니스 의류 매칭을 위한 개인 신체 특성 Data 수집
- 각 신체 특성 별로 많이 구매하는 제품 Data 수집",A,"피트니스 플랫폼 App 개발을 위한 개발자 및 서버
프론트 엔드 개발자, 백 엔드 개발자, AI 관련 개발자, 클라우드 서버 업체",B,"피트니스 플랫폼을 유지 및 성장시키기 위한 비용
- 인건비: 개발, 마케팅, 회계 및 세무, 제조 등에 대한 비용
- 고정비: 사무실 운용비용, 법인세 및 각종 세금 비용, 서버 유지 비용
- 복지비: 팀원 복지를 위한 비용(장비, 간식 등) - 광고비: 사업을 알리기 위한 비용(인플루언서 광고, SNS 광고, 오프라인 광고 등)",B
77,,,천년식향,"기존 시장
글로벌 육류시장 1,118조 원
글로벌 대체육 시장 8.4조원
국내 대체육 시장 232억원
① 맛있고 새로운 맛을 추구하는 미식소비자
② 고기소비를 줄이고자 하는 가치소비자
③새로운 맛 소비자
④개인맞춤 프리미엄 소비자
숯불발효 소비자/간편요리소비자/가치소비자
① 숯불갈비처럼 맛있게,
② 고기보다 가치있게,
③ 한우보다 값싸게
④ 햄보다 건강하게,
⑤ 윤리적 당위성보다 매력적이게
⑥초록/환경/착하게보다 관능적이게
③ 발효 숯불 판타지의 Gastronomy 경험과 가치 중독 브랜딩으로
④ 다양성과 맞춤형 고도화/기호화 설득",A,"가치중독 브랜딩, 냉동 수입육보다 비싸게, 한우보다는 저렴하게
생산, 맛, 환경 비용 절감:
못난이 농산물을 활용,일정한 퀄리티을 유지, 3D 프린터 개발활용하여 스마트 선호부위 제조
-가치 소비 시장 활성화에 따른 대체육 글로벌 수요 다각화: 하이퀄리티 식감/풍미 욕구 증가 →
마블링 스테이크형
-인공/냉동X, 채소 발효 숯불 자연 그대로의 감칠맛 “GASTRONOMY TECH”로 고기 모방 거부감
완화
-맞춤형, 편리성, 이익을 가시화하는 AI VALUE ADDICTION CHEF “가치 자부심 중독”을 유발 &
식품 기신증 감소
-취향/건강 베이스 AI 발효육 추천(Lean vs Rich) → 레시피 양념 푸드잉크 맞춤 프린팅 → 신선
직배송 → 간편조리",A,"천년식향과 B2B 판매를 통한 간접 판매
천년식향, VALUE ADDICTION CHEF(AI 어플리케이션), SNS를 통한 직접판매
마켓컬리, 신세계몰 등을 통한 프리미엄 유통채널
고기중심 레스토랑 네트워크
천년식향 인스타그램을 통한 마켓팅",A,"고객 유지 전략-천년식향 쿠킹클래스
Value Addiction Chef
①‘고기 먹지 말자’가 아니라, 건강을 생각하고 환경 자부심 고취
숯불갈비 욕망 충족의 판타지 구현으로 글로벌 대체육 시장 진입
② 발효 숯불 판타지의 Gastronomy 경험과 가치 중독 브랜딩 영역 창출
③ 건강기능성, 다양성과 맞춤형 고도화/기호화 설득
천년식향과 B2B 판매를 통한 간접 판매
천년식향, VALUE ADDICTION CHEF(AI 어플리케이션), SNS를 통한 직접판매",A,"원가 200g에 9000원 판매시
(비욘드미트 2/3가격이며, 프리미엄 한우 1/4가격)
구매 방법(레스토랑, 프리미엄 마켓, 글로벌, 다이닝)
파트너 스타셰프들 구매의향밝힘.
원가 3000원, 초기에 판매양, 한달 400kg, 매출은 1200만원.
수익은 월 800만원으로1년 이후에는 한달 3톤 판매, 10억 매출을 목표
F&B 오피니언 리더 그룹 중심으로 브랜딩 강화후 B2C 확장
제품 판매 수수료 + 다이닝 서비스 +VALUE ADDITION CHEF 구독료, 해외 글로벌 시장 진출
(9년간 해외경험 네트워크 활용)",A,"3D 프린팅 마블링 개발, 육질, 발효 채소피 개발 제조
① 신선한 마블링 모델링. 3D 스캐닝/프린팅 기술으로 Prototype 완성 (프린터&육질 개발완료)
② GASTRONOMY TECH 한국 숯불갈비 구조 적용
③ 신선함 + 마블링 + 채소본연 육질로 고기소비자 설득 가능
④ 30여가지 채소 발효 감칠맛 (화학첨가물 X) ‘발효 채소피 (Fermented Vegetable Blood)’
⑤ S대학교에서 버섯/콩/밀 발효로 만드는 풍미 개발의 이론화",A,"채소 피 /육질 /3D프린팅 푸드잉크 특허 출원중
상표등록 중 3건
-모든 팀원은 상근이며 스톡옵션 인센티브 계약
-모든 팀원은 기후변화를 고민하는 천년식향 가치 이해 : 환경 문제에도 불구하고 고기를 줄이지
못하는 한국 소비자 본능적 이해를 통해 한국 육류 문화 해결을 위해 헌신함
-서울대학교 AI 팀원 3명 추가 계획
-서울에 본사를 둔 오프라인 플래그십 스토어의 데이터 풀 소장
투자자금 사용처
① AI 추천 맞춤형 애플리케이션 개발 및 양산
② 맞춤형 배송 물류(한미) 공장 라인 구축 및 푸드 3D 프린터 개발 등 생산 라인 고도화
③ 직배송 라인 구축
④ 안정적인 유기농 채소 공급 업체들과 협력",A,"F&B 오피니언 리더 그룹, B2B
프리미엄 온오프라인 유통채널
국내 최초 한우 명예 홍보대사 스타셰프 김호윤
마켓컬리, 헬로네이처, 현대식품관
-> F&B 오피니언 리더 그룹 중심으로 브랜딩 강화후 B2C 확장",A,"개발자 인건비
재료비
개발자 3명: 각 월 300만원
200g 당 기계 생산시 3000원",A
78,,,Nine,"렌더 ( 의상을 대여해주는 사람 ) : 의상 교환 및 대여 거래 편의성 제공을 통해 지속적인 수익 창출로 해당 플랫폼을 통한 미니멀라이즘 실현 가능
로니 ( 의상을 대여하는 사람 ) : 가격 경쟁력을 바탕으로 전략적 소비 경험 가능
의상 스튜디오 등 협업 업체 : 납품 의상 거래 발생 시, 수수료로 부가적인 이익과 더불어 협업 홍보 효과 가능
내 옷 메이트 신청자 : 동네 신원 인증 후 배달업을 통한 지속적인 수익 창출",A,"렌더 : 입지 않는 의상을 통해 가치 창출
로니 : 판매가에 비해 낮은 가격으로 옷을 대여 및 교환하며 합리적 경험 가능
의류 대여 회사 : 의류 대여를 원하는 고객과의 연결 및 물품 납품 가능, 자체 회사 및 대여 의류 및 코디 홍보 가능, 스튜디오 등 의상이 필요한 경우 자체 회사 내와 서비스 협업을 통한 서비스 이용 고객에게 가격 할인 제공 및 홍보 가능
사회 : 리셀 마켓에 공유된 의상 및 다수의 의상 보유로 필요한 단체에게 기부하는 방식 등을 운영하면서 사회적 이미지를 높일 수 있고, 봉사와 나눔을 주기적으로 가능
환경 : 의류 폐기물 증대를 낮추고 필요한 사람들에게 의상이 전달됨으로서 환경오염에 대하여 생각하는 친환경 기업 추구 가능 ",A,"홍보 마케팅 전략에 활용될 포스터 및 영상 제작으로 SNS 주력 홍보 및 페이스북, 인스타 등에 관해 해당 계정을 생성하여 업데이트 소식 및 다양한 이벤트에 관해 피드와 여러 코디 정보 공유 가능창을 만든다. 오프라인으로는 주요 타겟층으로 잡은 고객이 많이 주거하고 있는 지역이나 대학가 등에 대하여 직접 포스터나 해당 주민과 학생들이 주로 이용하는 앱, 학교, 게시판 등을 활용해 홍보 가능하다.",B,"고객 확보 : 다양한 홍보 마케팅 전략을 통해 이 앱의 주요 시장 타겟층인 여성 및 학생 고객으로 초기 1단계 확보, 기간에 다소 제약이 있는 아동복 등에 대하여 교환 등 대여가 필요한 주부 고객으로 2단계 확보, 적은 비용으로 새로운 코디를 시도하고 싶거나 부업을 하고 싶은 젊은 층이나 동네에 오래 머무르는 부업을 원하는 연령층으로 3단계 확보, 남성층에게도 구매 전 미리 다양한 코디를 경험하고 싶거나 여러 카테고리에 대해 대여가 필요한 남성 고객을 4단계로 설정하여 확장한다.
고객 유치: 플랫폼 이용자 모두 수익 창출 및 니즈 충족을 지속적으로 가능한 플랫폼 공간을 만들어 고객을 유치한다.",A,"1) 회사 중개 대여 시 렌더가 정한 대여비에 관해 5% 수수료 이익
2) 로니가 거래시 지불하는 보증금 보관에 따른 금융적 이자 이익
3)‘ 내 옷 메이트 ’ 활동 시 발생하는 수익에 대하여 5% 이익
4) 플랫폼 유저 확대를 통한 배너 등 커뮤니티 광고 수익
5) 의상 스튜디오 등에 대하여 다양한 카테고리 의상 대여 협업 시 수익 배분
6) 촬영 업체에 관해 고객의 의상 대여를 자회사 의상으로 할 시 할인 혜택 등 다양한 협업 구조 가능
7) 리셀 마켓을 통한 렌더 제시 금액과 소비자 구매 금액 차익에 대한 이익
8) 다양한 의상 코디 공유 가능한 커뮤니티를 확대 또는 인플루언서 및 일반인 모델 등의 다양한 코디 가능성을 홍보하여 판매 전략으로 유도함으로서 수익 창출",A,개인 간의 교환 및 대여 거래시 다양한 거래 방식 선택 가능하며 안정성을 높이기 위해 보증금을 회사내에서 관리한다.  편의성을 높이기 위해 회사 중개를 통해 거래 가능하는 방식을 도입한다. 개인이 대신 회사 내로 중개 거래 요청시 회사에서 대신 DP작업과 브랜드 옷의 경우 검수과정을 거치며 의상 품질을 관리하게 된다. 현 시장에서 거래하는 방식 외에도 ‘ 내 옷 메이트 ’에 대하여 동네 및 신원 확인을 회사 자체에서 검증하여 부업 활동을 가능케 한다. ,A,업데이트 사항이 즉시 개선 가능한 전문 앱 개발자 및 홍보 마케팅 부서에서 경력이 있는 인력들을 초기 핵심 자원으로 둔다. 다수의 의상에 대하여 초기 세팅시 여러 카테고리에 해당하는 의상을 나눔 받거나 구매하기 위해 자본이 필요하다. 이러한 의상에 대하여 보관 가능한 창고 및 검수 가능한 공간에 대한 인프라가 필요하다.,A,"이용자들의 피드백을 바탕으로 플랫폼에 대하여 업데이트가 가능해야 하며, 이 때 이용자들이 앱 장시간 사용 시 피로도를 낮추고 편안하게 사용할 수 있도록 디자인 해야 한다. 또한, 브랜드 옷에 대한 검수과정시. 해당 전문 인력이 필요하고 많은 개인 및 회사들이 회사로 대리 DP요청하거나 납품한 의상에 대한 물류에 대하여 검수 및 관리할 사람이 필요하다. 해당 앱에 대하여 초기 마케팅이 매우 중요하기 때문에 관련된 홍보 마케팅 경험이 있는 사람이 필요하다.",B,"플랫폼 개발 시 발생하는 인건비 및 프로그램 사용 비용, 홍보 마케팅을 담당하는 인건비와 온라인 및 오프라인 광고 시 해당 광고비 필요, 브랜드 의상 검수자 및 여러 카테고리별 의상을 물류창고에서 관리 및 품질 유지가능한 인건비, 초기 대여 가능 품목으로 마련해야 하는 의상에 초기 투자 비용이 발생한다.",B
80,,,로지벌스,"▶지게차 명판 딥러닝 OCR 스캔 : 
국제적 지게차 명판을 모두 표준화 제작하는 것은 현실 상 힘들다. 하지만 이를 스캔시스템으로 대체해 알아볼 수만 있다면, 명판 제작보다 더 현실가능하다. 이 스캔시스템은 일반인들이 다가갈 경우 거리낌없는 카메라 형태로 쉽고 빠른 매물 정보 파악이 가능하다. 그리고 정보의 투명성이 확립되어 사기(허위매물 등) 또한 방지할 수 있다.

▶B.S 중고지게차 매매 중개 플랫폼
지나치게 낙후된 오프라인 물류 장비 시장 온라인화. 최적의 상품을 찾기 위해 필요한 동일 판매 품목을 다양한 업체를 통해 비교 가능. 1분 지게차 즉시 견적으로 고객들의 시간 낭비 대폭 감소. 비대면 문의/거래가 가능해 4차 산업혁명 시대에 맞는 비대면 거래 가능.

▶중고 재고 조사 플랫폼
현재 업체들은 재고 조사 시스템이 없어 모두 수기로 기록한다. 소통의 오류가 빈번하고 업무량이 상당해 인력이 낭비된다. 이 플랫폼은 제조/판매/유통/임대 등 지게차를 여러대 소유하는 업체 모두에게 지속적인 업무 효율 증대를 가져다 준다.
▶CFC
장비 동시 도착 자동 호출 시스템 제공 > 화물차, 지게차 기사의 대기 시간 대폭 축소 > 시간 손실 감소 > 수익성 향상지, 게차, 화물차, 고객을 하나로 묶어 다른 콜 업체보다 더 많은 고객을 확보할 수 있다.

시장 분석
▶ B.S. : 시장 내 30년 근무 경력 자 4명과의 FGI 형성 (Focus Group Interview)

연간 제조업 총 출하액 : 11.8조
2022년 9월 기준, 지게차 등록 대수 : 211,311대
경쟁사 중고나라 추정 온라인 중고 산업용 기기 시장 규모 : 3.7조 원
3. 확장 모델 : 중고 재고 조사 플랫폼
건설기계 전문 사업자 현황
대여업체 : 14,749개 / 매매업체 : 1,745개
총 시장 규모 : 업체 16,494개
▶ CFC 플랫폼
전체 화물 운송업 규모 = 약 78.7조 원
육로 화물 시장 규모(목표 시장) = 약 30조 원
영업용 지게차 시장 연 매출 규모 = 약 1.5조 원
2018년부터 물류 산업은 꾸준히 증가 추세다. 통계청 바탕 2020년 화물 운송업 매출액은 78.7조 원으로 전년 대비 116%까지 상승했다.
그중 30조 규모의 육상 화물 시장은 일반, 용달, 개별화물로 나뉜다. 각자 일반화물 운송업 22조, 용달화물 3.6조, 개별화물 3.9조의 규모를 가지고 있다.",A,"문제점 해결방안
중고 지게차는 수입산이 대부분이다. 장비 스펙과 일련번호가 적힌 명판이 훼손되고 외국어로 되어있어 읽기가 매우 힘들다. 즉 소유한 장비의 정확학 스펙과 성능 상태를 알 수 없다. 장비 정보를 알아도 표준 시세가 없어 판매자는 업체에 의존할 수밖에 없다. 따라서 진입장벽이 높고 구매, 판매 사기를 당할 위험이 높다.
화물(장비) 운송 시 업체와 화물차, 지게차 기사간 수많은 전화가 필요하다. 화물기사 배정은 어플이나 전화로 가능했지만 이후 영업용 지게차 부터 모든 작업 문의는 전화로만 진행되어야 했다. 서류교환과 결제도 수작업으로 이뤄진다. 여러 명의 기사가 업체를 중심으로 개별적으로 진행되다 보니 작업 오류, 지연 그리고 갈등까지 이어진다.
사업의 최종 목적은 물류 장비 거래와 운송을 온라인으로 통합하는 물류 유니버스 창조이다. 시장 내 대다수 기업은 마케팅과 온라인 운영을 막막해하고, 자금 특성상 진입조차 못 하는 것이 현실이다. 고객 입장에서도 일상에서 접할 수 없는 생소한 아이템이다 보니 구매할 때 필요에 맞는 장비 구매에 어려움을 겪는다. 
우리의 플랫폼은 높은 진입장벽을 대폭 낮추고자 한다. 시장 특성상 작고 특수하여 추후 사업 확장에는 건설기계 부분을 유입하여 고객층을 더 늘려나갈 계획이다.
경쟁사 현황 및 분석
동종 업계 :중고나라, 번개장터, 당근마켓
현재 중고 상품 온라인 경쟁사는 물류장비에 대해서 판매 정보 및 시세가 표준화 되어 있지 않다. 따라서 처음 접하는 고객은 판매 및 구매 또한 결국 오프라인 상담으로 이어진다. 온라인상에서 판매가 이루어지고 있지 않다. 또한 배송 및 개개인의 매칭 시스템이 강하여 고객은 물품 과정을 모두 파악하고 기억하고 있어야한다.

비슷한 유형의 경쟁 플랫폼 : 헤이딜러
헤이딜러는 다른 중고자동차 중개 플랫폼에서 쉽고 빠른 견적 서비스를 통해 경쟁력을 갖췄다. 따라서 우리는 지게차 명판 표준화와 스캔 및 태그 시스템을 통해 경쟁력을 갖을 계획이다. 또한 차별성으로는 중고지게차 성능 인증 업체를 건설기계 정비 협회와 협력하여 선정하고 이에 따른 시세 평가와 장비 품질 평가를 이어나가 신뢰성 경쟁력 우위 또한 이룰 계획이다.",A,"가입 유도 수수료 및 입점 이벤트 고객 유치
40~60+ , B to C를 고려한 타겟 마케팅
오프라인 특성이 강한 시장 고려해 오프라인 IR 영업
산업장비협동조합과의 협력 , 전문기업에 대한 중고 재고 조사 플랫폼 마케팅-> 전문기업 유입성 증대
각 종 SNS 활용으로 인한 시장 유입
유튜브, 페이스북, 네이버 적극 활용
지게차 및 배터리명판 국제 표준화
- 추후 유럽 및 일본, 중국을 대상으로 지게차 명판을 스캔하면 한국어로 표준화할 수 있게할 예정이다. 가장 중고지게차 점유율이 높은 일본을 시작으로 니찌유, 도요타 그리고 스미토모, 유럽은 예일, 크라운 지게차 명판을, 중국은 항차, 쌍용리프트를 중심으로 표준화할 계획이다.
배터리 명판은 로켓, 고베 배터리업체들과 협력하여 위치 및 명판 표준화에 힘쓸 예정이다. 진출시기는 표준화가 끝나는 동시에 진출한다.",A,"▶ B.S. 판매전략
1. 초기 모델(일련번호 조회 중고 매물 등록) :
타겟 = 중고 지게차 매매 업체, 해외 장비 수입 업체.
온라인 매매 중개 서비스 제공. 초기 거래 수수료 할인 + 일련번호 입력/등록 과정 지원으로 초기 고객 확보. 이를 통해 초기 시장 점유율 확보. 초기 점유율을 활용해 SNS 등 일방향 마케팅으로 광범위한 홍보 효과를 기대할 수 있다.

2. 메인 모델(딥러닝 OCR 매물 등록) : 스캔을 활용한 간편한 중고 매물 등록. 
타겟 : 중고 지게차 매매 업체, 해외 장비 수입 업체, 개인 지게차 구매/판매자.
초기 모델에서 확보한 고객층에게 메인 모델 판매(인증 업체 등록). 유통 업체가 인증 명판 탑재 장비를 판매할 경우 자동으로 유통 대상인 개인에게 홍보 효과 기대 가능. 개인 거래자에게 장비/시세 정보 제공으로 진입장벽 해소.
3. 중고 재고 조사 플랫폼 판매전략
타겟: 국내 장비/배터리 제조사, 수입 업체, 중간 유통 업체(대리점), 중고 장비 매매 업체.
스캔을 활용한 간편한 재고 조사는 유통의 대기업 제조사 및 유통* 판매 대리점들에게 제공 가능하다. 스캔하여 재고를 관리할 경우 수 많은 장비 이력을 손수 장비를 하나하나 체크하며 관리하지 않아도 된다. 이는 곧 우리의 경쟁력이 되며, 판매자, 구매자, 전문업체 등 모든 유형의 고객을 통합할 수 있다. 
 또한 훼손된 명판을 신 명판으로 교체가 필요할 때, 우리를 통해 로지벌스 로고가 박힌 명판을 지게차에 부착한다면 로지벌스 광고 및 상품 노출 혜택을 준다.
▶ CFC 플랫폼 판매 전략
타겟 : 건설 현장, 공장주, 화물차 기사, 지게차 기사
장비 동시 도착 자동 호출 시스템 제공 > 화물차, 지게차 기사의 대기 시간 대폭 축소 > 시간 손실 감소 > 수익성 향상
= 시간 지체로 실제로 손해보는 사람은 화물차or지게차 기사이므로 타겟 마켓팅 진행.
자동 서류 교확&결제 > 작업 관계자의 잉여 작업량 대폭 감소. 업무 효율 극대화.
초기 고객 확보 : 오픈 수수료 공제. 고객 확보 이후 수익 모델(수수료)을 활성화. [전국 24시 화물콜]과 협력, 화물 기사의 DB를 기반으로 마케팅하여 동반 성장한다. 접근성이 좋은 유튜브나 기사 커뮤니티, 블로그와 같은 SNS에 광고한다. 그러나 영업용 지게차는 주로 전단지로 영업 되고있기 때문에 오프라인 직접 영업 또한 필요하다. ",A,"BS
판매 가격 : 제품 가격대 별 수수료 책정 (초기 수수료율)
101~500만원 16.5만원  (4.7%)
501만원~1000만원 22.5만원 (2.9%)
1001만원~2000만원 45만원 (2.9%)
2001만원~3000만원 45만원 (1.8%)
3,001만원 33만원 (1.1%)
예상 매출 :  월 26억, 연매출 317억원
구매 방법 : 수수료

중고 재고조사 플랫폼
판매 가격 : 가입비 20만원,
중고재고조사 프로그램 -> 기본 사용료 3만원
렌탈정비업체 프로그램 -> 기본사용료 4만원
예상 매출 : 월 6.5억, 연매출 78억원
구매 방법 : 구독

CFC
판매 가격 : 화물 1%, 지게차 5%의 수수료
예상 매출 : 월 175억, 연매출 2100억원
구매방법 : 수수료",A,"▶Step 1 (1년 후 목표)
1. B.S : 일련번호 검색 시스템 운영
2. B.S : 중고지게차 매매 중개 플랫폼 상용화
3. CFC : 원터치  통합 호출 시스템, 특허 등록 완료
4. KMS 산업 협동 조합 협력

▶Step 2 (3년 후 목표)
1. B.S : 지게차 명판 위치 및 정보 표준화(지게차 정비 협회, 국내 제조사 및 해외 유통업체 협력)
2. B.S : 딥러닝 OCR 중고지게차 스캔 시스템 활성화
3. 물류장비 재고 조사 플랫폼 운영
4. 화물 지게차 통합 호출 시스템(CFC) 사업 확장 개시

▶Step 3 (5년 후 목표)
1. B.S : 중고지게차 판매, 구매, 임대 시장의 50% 점유
2. B.S : 국내 해외 중고지게차 명판 스캔 및 3D이미지화 실현 -> 시장의 투명성 확대
3. CFC : 플랫폼 시스템 상용화 및 잠재 고객 유치

1년 후 목표는 아이템을 시장에 출시하는 것이다. B.S 초기모델을 [KMS 산업 장비 협동조합]을 통해 장비 정보 조회와 시세 산정 시스템을 정립하고 목표 고객층에 대한 타겟 마케팅으로 고객을 유치할 계획이다.
 주 고객층인 50, 60대에게는 아직 진입장벽이 높아 약 일년 후 마케팅과 고객 유치가 주춤할 것으로 예상한다. 그때까지 전국의 국내/해외 장비 모두 명판 정보를 표준화시켜 스캔 시스템을 활성해 다시 한 번 사업에 박차를 가할 예정이다.
확장 모델인 재고 조사 플랫폼을 통해 추가적인 업체 유입으로 플랫폼에서 제공하는 장비 정보/시세가 더 정확해져 경쟁력을 갖는다.

CFC에서 지게차를 부르는 고객은 지게차가 없으므로 중고 지게차 매입이 필요한 잠재 고객이다. BS 와 CFC는 상호 보완적 성장이 가능하다. 물류장비 시장 크기의 한계는 건설기계 분야 확장을 통해 해결할 계획이다.",A,"
2022.11.07. 법인 설립을 기점으로 2022년 목표는 예비 및 스타트업 창업자로서의 자질을 키울 계획이며. 아이템 초기 모델 및 어플 프로토타입 또한 완성할 예정이다. 또한 2023 예비창업패키지 프리스쿨 선정으로 2023 예비창업패키지 지원 사업에 가산점을 받게 되어 더 경쟁력이 있다. 23년 예비창업패키지와 네이버 그리고 개인 투자를 중심으로 딥러닝 OCR 기술과 플랫폼 2가지를 초기 단계까지 제작할 계획이다. 네이버가 이에 있어 기반이 된다면, 우리는 탄탄한 뿌리를 갖고 네이버와 협력하여 더 빠른 시간 내 시장에 우리 아이템을 내놓을 수 있으며, 고객들은 거래의 투명성과 신뢰성을 바탕으로 모여들 것이다.
4) 기존 오프라인 시장의 시세와 장비 스펙 관련 정보를 네이버와 협력하여 표준화하고 싶습니다. (빅데이터 활용)
5) 네이버는 글로벌 인프라가 구축된 클라우드이므로, 해외시장의 정보 도입에 대한 서버 구축과 진출을 하고 싶습니다. (해외시장)
네이버 개발자들의 딥러닝 OCR 기술 피드백 
- 현재 기술 개발에 대한 지식이 많이 부족한 편이며, 개발에 있어서 코딩 실력 또한 부족했다. 기술 개발 및 코딩 교육 피드백 필요.
특허 등록 예정 월 : 2023년 3월, 4월",A,"B.S 초기모델을 [KMS 산업 장비 협동조합]을 통해 장비 정보 조회와 시세 산정 시스템을 정립하고 목표 고객층에 대한 타겟 마케팅으로 고객을 유치할 계획이다.
[전국 24시 화물콜]과 협력, 화물 기사의 DB를 기반으로 마케팅하여 동반 성장한다. 접근성이 좋은 유튜브나 기사 커뮤니티, 블로그와 같은 SNS에 광고한다. 그러나 영업용 지게차는 주로 전단지로 영업 되고있기 때문에 오프라인 직접 영업 또한 필요하다. 
산업통상자원부
[네이버] 딥러닝 OCR 기술 고도화에 필요한 데이터를 수집 및 가공하는 데 있어서 네이버와 협력하고 싶다. (기술 개발)
[산업통상자원부]와 함께 거래 투명화와 중고지게차성능인증제도를 함께 만들어 시장의 신뢰성과 플랫폼의 품질을 높일계획입니다.",A,"
제품개발 및 유지보수 비용 : 약 10억원
개인 투자 받은 비용 : 2000만원
영업사원 인건비 : 2022년 최저임금 : 시급 9,160원, 월급 : 1,914,440원(주 8시간 기준, 유급주휴 8시간 포함) * 2명 = 3,828,800원(월)
특허 출원비 : 약 5,000,000원
상표 등록비 : 약 600,000원
사무실 임대비 : 500,000원(월)
시장 유입을 위한 마케팅 비용 : 월 1000만원

총 : 약 11억원",A
84,,,뮤지브,"1. 가창 서비스 이용을 목적으로 한 10-20대 고객
2.기존의 보컬 레슨을 보다 저렴한 가격으로 하고자 하는 보컬 전공생 고객
3. 레슨 시장으로의 진입을 원하는 보컬 인플루언서
4. 보컬 관련 시장 (보컬과외 및 학원, 보컬장비, 보컬 음향 관련 기술업체)",A,"1. 가창 사용자 :
본인에게 적합한 가창곡 큐레이션, 가창곡 리포트 제공, 온라인 문화공간 제공
2. 보컬 전공자 :
대면 대비 저렴한 가격의 1:1 AI 보컬 레슨, 커뮤니티를 통한 자기홍보
3. 인플루언서 :
자동화 레슨으로 시간대비 많은 수강생 확보 가능, 온라인 레슨실 제공을 통한 레슨 기
회 확보
4. 보컬 관련 시장 :
광고 기능 제공",A,"인스타그램, 페이스북, 구글 플레이스토어, 앱스토어",B,"고객 확보 :
노래 리포트를 SNS에 공유하는 것을 의도한 입소문 마케팅, 보컬 인플루언서와의 콜라
보 광고,
고객 유지 :
지속적인 보컬 레슨 서비스 제공 및 질 향상, 커뮤니티 기능 활성화",B,"서비스 구독료, 1:1레슨 수수료비, 광고 수익",C,"모바일 가창 큐레이션 서비스 개발, 비대면 레슨 시스템 고도화",C,"개발 인력 2명, 디자인 인력 1명, 목소리 데이터화 특허 출원 예정, 무료 API 사용을 통
한 개발 자금 확보",B,"TJ미디어, 실용음악전공자(실용음악 레슨 원장, 전공생), 뮤직 인플루언서",C,"서비스 개발을 위한 개발,디자인 인건비, 마케팅 위한 인플루언서 협찬비, 음원 파일 제
공을 위한 투자비",B
85,,,렌티즈,"렌티즈 단계별 코어 타겟:
☐ 1차 타겟 : 국내 임대인 및 임차인
☐ 2차 타겟 : 국내 단기 주거 외국인
☐ 3차 타겟 : 해외 단기 주거 한국인
☐ 4차 타겟 : 해외 단기 주거 외국인
렌티즈 주요 수요 타겟 유형별 분류:
☐ 외국인 (학생/직장인)
☐ 유학생
☐ 비수도권/지방 거주자
☐ 디지털 노마드
☐ 기업 리모트 워크 수요 (B2B)
☐ 임시 거주자 (리모델링, 임대 계약기간 갭, 등) ",A,"Renteeez (렌티즈)의 렌티(임차인) 문제와 솔루션은 다음과 같습니다:
문제 1: 보증금이 부담스러운 단기임대 수요자
해결전략 1: 1개월치 월세를 보증금으로 받고 선월세를 받는 구조로 보증금 부담 적음
문제 2 : 단기임대/월세시 가구/집기 등 구입하기 부담스러운 단기임대 수요자
해결전략 2 : 풀옵션 매물 제공
문제 3 : 보증금 사기, 깡통전세 등 보증금 관련 우려되는 단기임대 수요자
해결전략 3 : 보증금, 월세 모두 Renteeez (렌티즈)에서 보관, 보장하여 안전
문제 4 : 매물 및 임대인 신뢰도 문제(현장답사 불가, 오프라인 결제시)
해결전략 4 : 리뷰 시스템 및 매물정보와 다를 경우 환불 및 위약금 보상
문제 5 : 보증금,월세 현금 거래가 부담스러운 단기임대 수요자
해결전략 5: 카드결제와 할부 가능
Renteeez (렌티즈)의 “임대인” 솔루션은 다음과 같습니다:
문제 1 : 금리 인상으로 인한 대출이자 증가, 물가상승 등으로 보다 높은 수익(월세) 필요
해결전략 1: 단기임대는 기간이 짧고 보증금을 낮추고 가구/집기 등을 제공하기 때문에 기존 임대료(월세) 보다 30%~50%이상 높게받을 수 있음
문제 2 : 현재 단기임대 시장의 경우 보증금이 낮아 월세 미납에 대한 리스크가 있음
해결전략 2: 중개 플랫폼에서 월세를 받아 주기 때문에 월세 미납 리스크 없음
문제 3 : 파손/훼손에 대한 리스크
해결전략 3 : 중개 플랫폼 보장제 운영
문제 4 : 악성 세입자에 대한 검증이 안되는 리스크
해결전략 4: 임차인에 대해서도 임대인의 후기 시스템 운영. 임차인 신원정보에 대한 명확한 인증 필터링

차별화 포인트

경쟁사
",A,"플랫폼을 통해 렌티(임차인)에게 월세 매물을 상시 홍보함과 동시에 직영/위탁 지점 및 프랜차이즈점들을 부동산 정보 조회 플랫폼인 네이버 부동산, 직방, 피터팬 등에 올려서 전화문의시 실제 거래/결제는 렌티즈에서 이루어지도록 연계할 예정.",A,"고객확보
아래 도⦁시⦁군 팸플릿 홍보 및 렌토(임대인) 사전등록 이벤트는 현재 실시중. MVP는 POC 검증 및 PMF를 찾기 위해 설문조사 및 피드백 반영 중.
이 외에도 소셜 마케팅, 협회원 네트워크 기반 마케팅, 공유숙박창업지원센터 교육을 통한 마케팅도 기획중에 있습니다.


고객 유지:
렌토(임대인) & 렌티(임차인) 모두 사용횟수 및 리뷰에 따른 다양한 혜택 제공.
- (임대인 혜택) Super Rentor (슈퍼임대인) 달성시 (수수료 절감 및 상위노출 혜택 & 연말 이벤트 참여권)
- (임차인 혜택) 등급: Blue, Silver, Gold, Platinum (적립 포인트 요율 상승)

추후에는 해외 벤치마크 사례인 www.biltrewards.com 처럼, 카드사(비자)와 협력하여 렌티즈 적립 포인트 외에도 카드 포인트 혜택도 누릴 수 있게할 예정.",A,"1. 중개를 통한 거래 별 5% 수수료
2. 보증금 에스크로 서비스를 통한, 단기 이자 수익
3. 생활관련 상품의 광고 수수료
4. 위탁운영 비용 20%




Renteeez (렌티즈)는 월세금액에 거래별 5% 수수료를 부과합니다. 보증금의 경우 월세액과 같이 결제되는 구조이지만 해당 금액은 임대 계약 종료시 분실, 파손 등 별다른 문제가 없었음이 확인되는 즉시 임차인에게 자동 입금됩니다. 주거기간 동안 보증금은 Renteeez (렌티즈)에서 보관하고 있습니다.
또한 주거에 필요한 상품에 대한 광고, 추가옵션, 이자수익 등 다양한 수익모델을 적용하여 단순 중개 플랫폼과의 차별화 전략을 구사합니다.",A,"1. 초기 스타트 및 POC검증을 위한 100명의 렌토(임대인) 모집 이벤트 진행중 (www.renteeez.com)
2. Craigslist, 피터팬 등 비결제 부동산 플랫폼 매물 cross-listing
3. 한인 커뮤니티, 공유숙박창업지원센터 및 전국 도/시/군청 홍보
4. 웹 기반 계약 플랫폼 개발중 (2023년 1월 1일 출시 예정)",A,"Renteeez(렌티즈)는 공동창업자인 정대준 사무국장이 운영중인 사단법인 외국인관광도시민박업협회를 통해: 1) 임대사업자 공급망 네트워크 보유: 공유숙박 창업지원센터, 공유숙박 교육센터, 공유숙박 커뮤니티카페 - (공유숙박 운영자들이 잠재적인 단기임대 공급업체 역할), 그리고 2) 문화체육관광부 공유숙박 운영자 교육 위탁운영 : 전국 공유숙박 운영자 교육 수행업체로 확실한 공급 구축 계획과 인프라를 보유하고 있으며 협회와 연결되어 있는 세계 각지 한인협회와의 네트워크를 레버리지하여, 단기임대/월세가 필요한 수요층 확보 계획이 있습니다.
또한 정대준 사무국장은 자매사인 스퀘어랩 대표로써: 1. 단기임대 프랜차이즈 사업, 2. 단기임대 위탁 운영 사업, 3. 공유숙박, 단기임대 창업자, 운영자를 위한 전용쇼핑몰 운영 : 가전제품(삼성전자, LG전자 공식 입점), 가구, 생활용품 등 공유숙박, 단기임대 창업과 운영에 필요한 물품들을 대한민국 최저가로 구매할 수 있는 전문 쇼핑몰 운영을 통해 임대사업 진입장벽을 확실하게 낮출 수 있습니다.

공동창업자인 윤희식은 현 에어비앤비코리아 정책총괄로써 제주관광미래전략위원, 한국관광공사 자문위원, 기획재정부/서울시 스피커로 활동하며, 전국 수많은 지자체, 대학교, 각종 협단체 등과의 깊이 협력한 바 있으며, 이를 통해 구축된 네트워크를 레버리지하여 지방도시 주거 주민 확충을 위한 파트너십을 통한 다양한 PPP 협업 계획이 있습니다. 뿐만 아니라 전세계 장기숙박 및 STR (단기임대) 시장 및 플랫폼에 대한 이해도를 바탕으로 서비스에 필요한 프로덕트를 빠르게 구축하고 고도화해 나아갈 역량과, 해외시장 진출에 대한 필수 역량을 보유하고 있습니다.

Renteeez (렌티즈) 어드바이저로는 이지환 KAIST MBA 교수, 조정현 법무법인 성지 파트너스 대표변호사, 연지연 조선비즈 부동산부 선임기자 등이 있습니다.",A,"1. 외국인관광도시민박업협회: 단기임대/월세 공급자 망
- 이미 비수기에는 단기임대/월세로 운영중인 민박 사업자 (공급자) 확보
2. 한인협회: 단기임대/월세 수요자 풀 (내외동포정보센터 및 미주한인커뮤니티와 논의중)
3. 대학/대학원: 단기임대/월세 수요자 풀 (경희대, 세종대와 논의중)
4. 어학원: 단기임대/월세 수요자 풀",A,"웹사이트 유지보수, 인건비, 시스템 활용 비용, 앱 개발비, 마케팅 비용 등 별도 지출 없이 현재 최대한 Lean한 초기 경영중. MVP 및 디자인도 직접 작업중.",B
86,,,오아시스,"스마트폰 핸즈 프리 사용자(큰 화면으로 영화보기, 문서 작업)",C,"스마트폰을 고글 형태로 착용함으로써 핸즈 프리 기능을 제공하여 언제 어디서나 
쉽게 스마트폰을 사용할 수 있다. 스마트폰으로 저렴하게 vr,ar,xr 용 헤드셋을 구성하여 저렴하게 메타버스 콘텐츠를 
즐길 수 있다",A,"hw ,sw 맞춤형 제작",C,"클라우드 펀딩을 활용한 초기 고객 확보 및 입소문 광고
홈페이지 개설을 통한 소통의 장 확보",C,"hw,sw 판매비",C,핵심 부품 제조 및 가공,C,핵심 부품 제조 공장 및 인력 확보,C,핵심 부품 공급자 및 가공업자,C,"제품 개발비,부품 구매 및 가공비,유통,인건비,마케팅비",C
89,,,BND,"유저 : 가게 선택이 스트레스이고, 비교 선택하는 것에 소위 선택장애를 겪는 유저
가게 : 분위기를 갖추었지만, 특별한 스토리를 갖춘 가게",B,"짧은 영상/사장님 보이스/스토리 등을 통해 가게의 차별화 포인트를 만들고 
공감한 유저들을 획득함. (공감한 유저들은 단골고객이 될 확률이 높고, 이는 지속가능한 가게를 만듦.)",A,인스타그램 / 유튜브 채널 운영 예정,C,"
유저 : 인스타그램, 각종 커뮤니티(5.6만 확보)
가게 : 인스타그램, 영업
유저 : 재미있는 가게 선택
가게 : 새롭고 유니크한 가게 브랜딩/마케팅 창구",B,"
[정보 해금 형식] 기본 제공은 제한된 정보, 구독시 무제한 제공
[브랜딩/마케팅] 브랜딩과 마케팅에 대한 수익",C,"
가게 제휴 영업 / 컨텐츠 마케팅 개발
현재 마케팅비 0원/3일 만에 40여가게 제휴 
현재는 앱 개발에 몰두 중",B,"
유저 리텐션 / 전환률
앱 개발 이후 측정 가능",C,"
촬영/컨텐츠 기획/마케팅
자체 팀원 충원 예정 / 초기에는 자체적으로 진행하지만, 
“가게 전용 크몽”이 되기 위해 해당 풀을 조성하여 중계할 예정.",B,"
개발 비용, 영업 비용, 서버 비용, 마케팅 비용",C
91,,,TookDak,"
타겟 고객의 문제/요구/얻고자 하는 혜택, 시장 크기, 시장 종류(새로운 시장, 기존 시장 등)
1) 예비 창업자와 학생 창업자 (시제품 제작 지원)
2) 창업 교육 기관 (시제품 제작 지원)
3) 학생 (과제 제작 지원)
4) 회사 (시제품 제작 지원)",A,"
고객의 문제/요구 해결안, 차별화 포인트(고객이 구매해야 하는 이유), 경쟁사 
1) 학생, 회사 : 온라인으로 시간제약없이 저렴한 가격으로 3D프린팅 서비스 이용 가능
2) 교육 기관 : 자체 온라인 3D프린팅 신청 통로 확보",A,"
직접 판매
인스타그램, 에브리타임, 블라인드 등 SNS홍보",C,"
고객 확보 전략(마케팅 전략), 고객 유지 전략: 
고객 확보 : 소셜 마케팅, 입소문 마케팅
고객 유지 : 학생할인 제공, 파트너 회사 할인 서비스 제공",B,"
판매 가격, 예상 매출/손익, 구매 방법(일시불/구독/라이센스 등)
광고비용, 출력서비스 이용금액, 일시불(설계파일에 따른 상이한 금액)",B,"
제품 개발, 판매를 위한 주요 활동
서비스 홈페이지 개발, 교육 기관, 디자인 회사 영업",B,"
지적 자원(특허 등), 주요 인력(개발, 영업, 제조), 자금 확보 전략
3D 프린팅 서비스 관련 특허 출원 2개, 등록 3개, 영업 3년 이상 경력 인력 1명",B,"
제품 개발, 판매를 위한 주요 파트너/필요성
창업 분야 관련 전문가 (교수, 연구원, 정책 전문가), 창업 컨설턴트, 창업 관련 교육 기관, 중소 벤처 기업부, 창업 진흥원, 3D Printer 회사, Filament 회사",A,"
제품 개발, 제조, 판매를 위한 비용 내용 (인건비, 투자, 재료비 등)
웹페이지 유지 보수 인건비 및 AWS 시스템 활용 비용, 개발 / 디자인 / 영업사원 인건비, 대리 운영 및 개인이 구매한 프린터 수익 한달 기준 이익분배를 조건부로 3D프린터 비용 충당, 필라멘트 비용",B
92,,,EV,"
타겟 고객의 요구 얻고자하는 혜택, 시장크기, 시장종류
1)아파트 단지 내 거주자: 맞벌이,시간등에 의한 분리수거의 어려움이 있는 분들/ 일정한 구독료를 통한 대행서비스업 제공
2)빌라 단지 내 거주자: 젊은세대들의 분리수거의 어려움이나 귀찮음이 있는 분들/ 일정한 구독료를 통한 대행서비스업 제공
3)대행 서비스업 근무자: 비대면,자유로운시간에 환경보호적인 일을 하면서 돈을 벌고싶은 분들/ 분별한 분리수거지 일정 급여 지급
4)폐기물 처리 관련 전문가 : 기존 분리수거장외 종량제 봉투등의 시행 및 처리과정 제공  ",A,"
이용자들의 요구에 따른 해결방안, 포인트제도, 협력업체 
1)배출 이용자: 경쟁사와 다른 저가 구독료와 포인트, 친환경 제품 혜택
2)수거 및 분리 이용자: 최저시급이상의 임금과 포인트,친환경 체품 혜택
3)협력업체: 재활용 폐기물 증가로 인한 친환경 방안 ",A,"
어플 구독으로 판매 
유튜브, 알바몬 (채널운영 및 sns활용) ",C,"
고객확보전략(마케팅전략), 고객유치전략
고객확보: sns 마케팅, 유튜브를 통한 실제 업무 방식 노출
고객유지: 1대1 고객상담 서비스",B,"
예상 매출/손익, 배출방법(일시불/구독), 수거방법(일급/월급)
배출1회에 2천원, 한달 구독(4회)에 7천원/ 수거 1회에 1천5백원/ 예상매출 1시간에 100명의 수거자가  6회씩 분리수거 기준 약 60만원  ",A,"
플랫폼 개발, 홍보를 위한 주요활동
분리수거 대행 아르바이트 어플리케이션 개발 및  광고, 
배출/수거 활동으로 생기는 수익 혜택 등 홍보",B,"
지적자본, 주요 업체와의 협력, 인프라(인구밀집,실현가능), 투자금 
분리수거 대행 시스템 관련 특허 출원1개, 어플리케이션 등록, 경력직 보조인력 2명  ",B,"
플랫폼 개발, 광고/ IT 창업을 위한 주요파트너/ 협력업체 필요
플랫폼 개발 관련 엔지니어, 창업진흥원, 알바취업포털, 지방자치단체",B,"
플랫폼 개발, 유지, 판매, 홍보를 위한 비용 내용
앱 개발, 유지, 보수, 홍보 인건비 및 시스템 활용 비용, 탄소포인트제 비용",B
93,,,민트,"여행 컨텐츠 생산 및 판매자 여행 컨텐츠 구매자
ㆍ여행을 다녀온 경험이 있고 사진촬영을 
좋아하는 일반인
ㆍ여행 블로거, 유튜버 등 여행 관련 
크리에이터
ㆍ컨텐츠 투자자
ㆍ여행관련 컨텐츠 제작자
ㆍ지자체, 정부 기관",A,"여행 컨텐츠 생산 및 판매자 여행 컨텐츠 구매자
ㆍ컨텐츠 판매 등을 통한 생산 컨텐츠의 
수익 전환
ㆍ여행 관련 인적 네트워크 합류
ㆍ본인 채널 및 컨텐츠 홍보 및 확산
ㆍ이용자 소유 컨텐츠의 가치 상승으로 
인한 투자 / 운영 수입
ㆍ컨텐츠 관련 독점적 권리 확보
ㆍ2차 컨텐츠 제작을 위한 리소스 확보",A,"민트 플랫폼 운영을 위해 유지해야 하는 채널
ㆍ앱 마켓 (구글, 애플)
ㆍ웹 사이트 (PC, 모바일)",B,"민트 플랫폼의 고객과의 적절한 유지 접점 마련
ㆍ민트 SNS 네트워크를 통한 상호 소통기능 제공
ㆍ트위터, 페이스북, 인스타그램 등 외부 소셜 채널 운영",B,"광고 · 마케팅 협력, 플랫폼 내 재화 판매, 콘텐츠 거래시 중개 수수료
ㆍ광고, 마케팅 프로모션
ㆍ인앱재화 판매
ㆍ플랫폼 이용 수수료",B,"민트 플랫폼을 통해 새로운 가치를 만들고 가치를 분배하기 위해 필요한 활동
ㆍSNS 플랫폼 운영 및 고도화
ㆍ컨텐츠 기반 수익창출 서비스
ㆍ이용자 데이터 분석 및 결과반영
ㆍ고객지원 서비스",A,"민트 플랫폼이 원활하게 운영되기 위해 필요한 필수자원
ㆍ플랫폼 내 여행 UGC 콘텐츠
ㆍ플랫폼 내 형성된 독자적 인적 네트워크
ㆍ이용자 행동 관련 빅데이터 분석
ㆍ플랫폼 운영관리 인력",B,"민트 플랫폼의 유지, 확산을 위한 핵심 파트너
ㆍ여행 인플루언서
ㆍ한국관광공사
ㆍ콘텐츠제작자
ㆍ여행커머스 사업자
ㆍ투자사",B,"고정 비용 변동 비용
ㆍ플랫폼 유지, 고도화 비용
ㆍ플랫폼 운영 인력 인건비용
ㆍ사무실 운영 및 경비 처리
ㆍ이벤트, 마케팅 진행
ㆍ유저의 컨텐츠 현금화 비용",B
94,,,영리컴컴,"피트니스센터 점주 / 피트니스센터 이용객 / MZ 헬스를 좋아하는 세대
- 피트니스센터 점주 : 초기에는 기계 설치가 우선이기에 기계 판촉에 집중
- 이용객 : 이용객의 기계 사용률이 늘어야 현금흐름이 발생하여 점주들과 적절한 
수익 배분이 가능
- 헬스를 하는 MZ : 세대 건강 관리 커뮤니티 활성화를 위해 유입되어야 함
- : 헬스케어 시장 운동에 대한 관심이 높아짐에 따라 피트니스센터 급증
 기능성 음료에 대한 관심도 함께 높아지며 성장 가능성이 높은 
 시장",A,"간편하게 뽑아먹을 수 있는 저렴한 단백질 쉐이크
점주와 수익 분배를 통한 헬스장 수익구조 다각화
빅데이터를 이용한 맞춤형 헬스케어
- : 헬스장 점주 헬스장 수익구조 다각화
 기계를 장점으로 내세워 헬스장 홍보 마케팅
- : 이용자 단백질 쉐이크를 간편하게 뽑아 먹을 수 있음
 편의점 단백질 음료보다 저렴한 가격으로 이용할 수 있음
 앱을 통해 맞춤형 헬스케어 서비스를 받을 수 있음",A,"방문 판매 자사 , & 웹사이트 온라인 커머스, SNS
- 방문 판매 : 인지도가 없는 초기에는 직접 피트니스센터들을 찾아가 영업 활동
- 자사 웹사이트 및 온라인 커머스 : 인지도를 쌓은 후에는 온라인을 통해 
 마케팅 및 판매
- SNS : 건강 관리 커뮤니티 활성화를 위해 타겟인 MZ 세대가 제일 많은 
 인스타그램과 페이스북을 통해 홍보",A,"도매 가격의 단백질 파우더 제공
무상 A/S 기간 제공
적절한 수익 분배
저렴한 렌탈 서비스
고객 확보 전략 적절한 : 수익 분배를 제시하며 판촉 활동
 초기에 저렴한 렌탈 서비스로 시장 반응 테스트
 초기에 저렴한 가격의 단백질 쉐이크 제공
고객 유지 전략 헬스장에 : 도매가격의 단백질 파우더 제공
 A/S 무상 기간 제공",A,"렌탈 서비스 수익 기계 , , 판매 수익 쉐이크 판매 수익 일회성 ( , ) 구매 구독
광고수익
- : 렌탈 서비스 수익 초기에는 렌탈 서비스를 이용한 수익 창출
- 기계 판매 수익 : 렌탈 서비스를 통한 시장 반응이 괜찮을 시 기계 판매를 통한 
 수익 창출
- 쉐이크 판매 수익 : 단백질 쉐이크 일회성 구매와 한 달에 몇 회 먹을 수 있는 
 구독 서비스를 활용한 지속적인 수익 창출
- 광고 수익 : 커뮤니티 앱 안에서의 광고를 통한 광고 수익",A,"기계 개발 판촉 , , 활동 렌탈 서비스 앱, , 개발 서버 개발
- : 기계 개발 다양한 파우더 음료들을 문제없이 제공할 수 있는 기계 출시
- : 판촉 활동 피트니스센터들을 대상으로 기계를 판촉 활동
- : 렌탈 서비스 고가의 기계를 판매하기에 어려움이 있을 것으로 예상
 렌탈 서비스를 통해 기계의 만족도 조사
- : 앱 개발 기계들의 헬스장 점유율이 확보되면 기계에서 전송되는 데이터를 
 활용하기 위한 앱 개발
- : 서버 개발 점유율이 커짐에 따라 데이터를 관리하는 서버가 필요 
- 홍보 마케팅 : 커뮤니티 활성화를 위해 타겟들이 많이 존재하는 SNS를 통해 홍보",A,"기계 개발자 기계 , , 디자이너 백엔드 개발자 특허 자금 , , , H/W 확보 및 기계 제작
외주 업체
- : 기계 개발자 기계를 설계할 수 있는 개발자 필요
- 기계 디자이너 : 피트니스센터의 인테리어를 해치지 않는 기계를 디자인 해야 함
- 백엔드 개발자 : 기계로부터 전송받는 데이터들을 관리할 수 있는 서버를 개발
앱과 연동을 위하여 백엔드 개발자 필요
- 특허 : 기계 디자인과 기능에 대하여 특허 출원
- 자금 확보 : 국가 창업 지원 사업 지원
 MVP 기계 제작 후 투자자 미팅
- H/W 및 기계 제작 외주 업체 : 지속적인 기계 생산을 위하여 필수
- 단백질 쉐이크 기계 : 단백질 쉐이크 기계 렌탈 및 판매를 통한 수익으로 사업 
확장",A,"기계 제작 외주 업체 단백질 , 파우더 제조 업체
기계 제작 외주 업체 : 꾸준한 기계 제작과 제작 단가를 낮추기 위해 좋은 관계를 
 유지
단백질 파우더 제조 업체 : 기계가 설치된 헬스장에 저렴하게 파우더를 제공하기 
 위하여 협력을 유지",A,"기계 제작비 특허비 인건비 , , 
고정 비용
- 특허비 : 디자인과 기능 특허 출원 예상
- 인건비 : 앱 개발자 인건비
변동 비용
- : 기계 제작비 외주 업체에게 기계 제작을 맡겼을 때 발생하는 비용
- 단백질 쉐이크 파우더 구매비 : 단백질 쉐이크 수요에 따라 변동",B
95,,,픽커트,"1) 출생 후 초등학교 저학년 육아맘 
2) 여행 기록을 남기는 것을 좋아하는 여행자
3) 각종 행사, 이벤트를 콘텐츠로 기록하고 싶은 사람(졸업식)",B,"데이터 정리 시간 절약, 데이터 정리를 통한 자연 소멸 방지, 타인에게 데이터 공유 
편의성, 데이터의 스토리 기반 콘텐츠화, 추억을 영구적으로 보관 ",B,"Web App 연동형 서비스(온라인)
개인 포토북 인쇄 출판 배송(오프라인)",C,"클라우드 기본 용량 무료 서비스 제공으로 체험 유도
맘카페를 활용한 타겟 마케팅
육아에서 여행으로 카테고리 확장 시켜 지속해서 사용하도록 유도
매달 포토북 콘테스트 개최 및 시상",B,"1) 클라우드 서버 이용료(용량별 과금)
2) 디자이너 템플릿 중개 수수료
3) 디자인 템플릿 판매 수익
4) 포토북 제작 판매 수익",C,"프리랜서 디자이너 Pool 확보, 플랫폼 R&D, 육아 커뮤니티 홍보 활동",C,"안면인식 기술(구글), 디자인 역량, 디자이너 협력 네트워크, 창업지원 기관 네트워킹, (보유자원 + 앞으로 필요한 자원), 플랫폼 유지 보수 역량, 디자인 품질 관리 역량, 클라우드 기술",C,"프리랜서 디자이너(디자인 템플릿), 디지털 출판 인쇄 업체(디지털 포토북), 홈페이지 
개발 업체(플랫폼 개발), 육아 커뮤니티(홍보), 안면인식 기술 ",B,"변동비 : Web App 개발비용, 서버 구축 비용, 프리랜서 디자이너에 비용 지급, 출판 
인쇄 비용, 홍보 마케팅 비용
고정비 : 인건비, 임대료, 서버 유지 비용, 기계 장치비용",B
97,,,복덕빵,-,C,-,C,-,C,-,C,-,C,-,C,-,C,-,C,-,C
100,,,블랙포트,"
타겟 고객의 문제/요구/얻고자 하는 혜택, 시장 크기, 시장 종류(새로운 시장, 기존 시장 등)
편입 수험생
대입 수험생
토익, 텝스, GRE, CPA 1차, MDEET, LEET 등 기타 수험생",B,"
고객의 문제/요구 해결안, 차별화 포인트(고객이 구매해야 하는 이유), 경쟁사 
1. 수험생 : 타이머/자동채점/오답노트 등 편의기능 제공, 백분위/석차 제공
2. 모의고사 제작자 : 출판사를 거치지 않는 편리한 출판 과정, 높은 인세
3. 학원 : 전국단위 대규모 모의고사 실시 가능, 응시자의 데이터 확보",A,"
직접 판매, 간접 판매 (대리점 활용/유통 업체 활용 등)
인스타그램, 유튜브, 온라인 커뮤니티",B,"
고객 확보 전략(마케팅 전략), 고객 유지 전략: 
고객 확보 : 소셜 마케팅, 바이럴 마케팅
고객 유지 : 성적 추이 제공, 문제 큐레이션",B,"
판매 가격, 예상 매출/손익, 구매 방법(일시불/구독/라이센스 등)
모의고사 판매 수익, 구독료, 광고료",B,"
제품 개발, 모의고사 수급을 위한 활동
UI/UX 개발, 모의고사 제작자 대상 영업, 제품 개발",B,"
지적 자원(특허 등), 주요 인력(개발, 영업, 제조), 자금 확보 전략, 인프라 확보 전략(공장 등)
모의고사/문제 풀, 사용자 피드백, 커뮤니티 유저",B,"
모의고사 수급을 위한 파트너
모의고사 제작자, 학원",C,"
제품 개발, 제조, 판매를 위한 비용 내용 (인건비, 투자, 재료비 등)
앱스토어 수수료, 모의고사 제작자 인세, 서비스 개발/유지비용",B
101,,,동국대학교 창업 스터디,"
타겟 고객의 문제/요구/얻고자 하는 혜택, 시장 크기, 시장 종류(새로운 시장, 기존 시장 등)
1) 담금주를만들기 위해서는 재료 준비과정이 복잡함
2) 다양한 재료를 구하기 힘듦
→ 
1.다양한 재료를 선택하여 본인만의 담금주를만들 수 있게 키트를 제작
2.술병과 재료를 같이 동봉하여 재료 준비에 대한 수고를 줄임",A,"
고객의 문제/요구 해결안, 차별화 포인트(고객이 구매해야 하는 이유), 경쟁사 
1) 원자재 납품업체 : 저렴한 가격에 신선한 원자재 확보
2) 온라인 납품업체 : 할인 등을 통해 고객의 접근성 확대
3) 유튜버 및 인플루언서 : SNS를 통한 홍보효과 제공
4) 주류 백화점 등 오프라인 매장 : 홍보성 제품을 제공하여 손님들의 관심 유도
5) 대학생 동아리 : 주류 협찬을 통한 대학생들의 관심 제고",A,"
직접 판매, 간접 판매 (대리점 활용/유통 업체 활용 등) 
페이스북, 인스타그램 인플루언서 및 유튜버 등을 활용하여 관련 제품 홍보",B,"
고객 확보 전략(마케팅 전략), 고객 유지 전략: 
고객 확보 : 소셜 마케팅, 입소문 마케팅, 교육을 통한 마케팅
고객 유지 : 재주문 고객 대상으로 할인을 통해 추가 주문을 확대할 수 있게 한다.",A,"
판매 가격, 예상 매출/손익, 구매 방법(일시불/구독/라이센스 등)
광고 비용, 온라인 멘토링 수수료, 책 판매 수수료, 프리미엄 서비스(하드 디스크 용량과 사용료)",A,"
제품 개발, 제조, 판매를 위한 주요 활동
온라인 물품 판매 플랫폼과 연결",C,"
지적 자원(특허 등), 주요 인력(개발, 영업, 제조), 자금 확보 전략, 인프라 확보 전략(공장 등)",B,"
원자재 남품 업체, 술병 제작 공장 및 업체",C,"
웹페이지 유지 보수 인건비 및 시스템 활용 비용, 영업사원 인건비, 온라인 홍보 비용",B
102,,,PT 매니저,"고객 확보 전략 (마케팅 전략), 고객 유지 전략 (*고객 : 트레이너 및 회원)
1）고객 확보 전략 
1-1) 트레이너 확보 : 입소문 마케팅, 온라인 소셜 마케팅, 헬스 피트니스 커뮤티티 
마케팅
1-2) 회원 확보 : 지역 헬스 커뮤니티 홍보 마케팅, 블로그 체험단 후기 마캐팅
2) 고객 유지 전략
2-1) 트레이너 유지 : 회원 대상 트레이너 홍보 서비스, 회원 매칭 서비스 
2-2) 회원 유지 : 적절한 트레이너 매칭 서비스 (식단 관리, 성별, 나이, 체형 등)",A,"1) 트레이닝 전문가 : 역량 쌓을 기회 제공, 커리어 확보, 헬스장 소속 
트레이너로서의 월급제가 아닌 합리적인 수익 구조
2) 트레이닝 준전문가 : 새로운 직업 역량 확보 기회 제공, 고수익 부업 기회 제공
3) 회원 : 다양한 트레이너 옵션을 제공함으로써, 운동 목적에 맞게 원하는 코칭 
스타일의 트레이너 매칭 서비스 제공, 준전문가 및 짧은 경력의 트레이너에게 받을 
시 합리적 가격에 pt 제공, 공용 헬스장이 아닌 개인 전용 공간에서 pt 제공. 4) 헬스 공간 대여자 : 헬스 컨텐츠 제작을 희망하지만 적합한 스튜디오가 없거나, 일반 헬스장에서 찍어서 불편함을 느끼는 사람들, 매칭 서비스 없이 공간 대여만을 
원하는 사람들, 조용히 헬스에 집중하고 싶은 운동인 ,촬영용 스튜디오가 필요한 
모든 잠재 고객에게 헬스 공간 대여 예약제 서비스 운영",A,"홍보 : 온라인, 오프라인( 네이버 블로그 및 온라인 커뮤니티 및 입소문 (초기 확보를 
위해, 유튜브 제작자들 개인 스튜디어 제공으로.))// 서비스 제공 : 오프라인 (training 
space 에서)
초기 : 지인 중심 준전문가 트레이너 모집 및 입소문으로 트레이너 확보 
헬스 카페 지역 커뮤니티 광고 : 트레이너 및 회원 모집
네이버 블로그 후기 ( 주로 지역 헬스장 및 필라테스. 피티샵은 네이버 검색 
유입량이 많을 것임 – 증거 찾아서 삽입할 것.)",A,"고객 확보 전략 (마케팅 전략), 고객 유지 전략 (*고객 : 트레이너 및 회원)
1）고객 확보 전략 
1-1) 트레이너 확보 : 입소문 마케팅, 온라인 소셜 마케팅, 헬스 피트니스 커뮤티티 
마케팅
1-2) 회원 확보 : 지역 헬스 커뮤니티 홍보 마케팅, 블로그 체험단 후기 마캐팅
2) 고객 유지 전략
2-1) 트레이너 유지 : 회원 대상 트레이너 홍보 서비스, 회원 매칭 서비스 
2-2) 회원 유지 : 적절한 트레이너 매칭 서비스 (식단 관리, 성별, 나이, 체형 등)",A,"서비스 별 제공 가격
트레이너 : 회원 매칭 서비스, 트레이너 홍보 서비스
회원 : 트레이너 중개 서비스
공간 대여 서비스 (하체 상체 등, 가슴 분할 별로 대여 가능)
헬스 용품 판매 수수료",B,"영업 및 트레이닝 공간 구성
1) 영업 : 회원과 트레이너를 모집한다. 트레이너를 확보한다. 블로그 체험단에 무료 1회 트레이닝을 제공한다. 인플루언서 
중심으로 체험 후기 글을 올린다. 체험글을 바탕으로 온라인 헬스 커뮤니티에 
홍보글을 올린다. 2) 트레이닝 공간 구성 :
공간의 가용 범위를 넓히기 위해 분할 별 전용 기구 공간으로 구성한다",A,"시간대 별 가능 인력, 마케팅 전략
웨이트 트레이닝 전문가 / 준전문가 인력 확보 ( 평일 오전, 평일 오후, 주말 오전, 주말 오후 ) 
개인 PT 희망 회원 확보 ( 평일 오전, 평일 오후, 주말 오전, 주말 오후 )
서비스 운영 초기 마케팅 전략 필요 ( 블로그 체험판 제공, 인플루언서에게 컨텐츠 
스튜디오로 제공 )",A,"1) 피트니스 트레이너 (헬스 준전문가, 전문가)
트레이닝을 제공할 주체인 트레이너가 필요하다. 합리적인 가격에 트레이닝을 제공할 수 있는 준전문가 트레이너도 필요하다. 2) 피트니스 커뮤니티 운영자 및 피트니스 컨텐츠 인플루언서
서비스 마케팅을 위해 필요하다. 3) 피트니스 용품점
트레이닝 공간 연출을 위해 필요하다",A,"PT SPACE 설립 비용 
헬스장 유지비, SPACE매니저 비용
임대료, 리모델링 비용, 헬스 기구 매입 비용
헬스장 유지비 (청소, 보수)",B
103,,,펍시,"
타겟 고객, 페르소나, 시장 크기, 확장 가능한 시장
1. 강아지를 키우는 반려인
2. 강아지를 키울 준비를 하는 예비 반려인
3. 반려용품 중고 거래 경험이 있는 사용자
4. 고양이를 키우는 반려인
5. 고양이를 키울 준비를 하는 예비 반려인",A,"
고객 문제 해결, 차별화 전략
1. 니즈에 맞는 제품 탐색을 위한 과정 효율화
2. 취향 탐색이 가능한 컨텐츠& 커뮤니티 활성화
3. 반려견 전용 중고 용품 다량 제공
4. 중고거래 신뢰 개선을 위한 사용자 관리
5. 실제로 강아지를 키우는 반려인이 만든 서비스",A,"
온라인, 오프라인
온라인: SNS(인스타그램, 유투브), 타겟 광고(페이스북, 구글)
오프라인: 펫페어, 반려동물 용품 판매점, 유기동물 보호소",B,"
고객 확보 및 유지 전략
고객 확보: 실제 중고거래를 활발하게 하는 반려인 섭외, 반려동물 인플루언서 협업, SNS(인스타그램, 유투브) 컨텐츠 제작 후 확산, 반려인 대상 타겟 광고 및 이벤트 진행
고객 유지: 반려견 맞춤 제품 및 컨텐츠 추천, 반려인 대상 단독 핫딜 진행, 관심사/ 취향 기반 커뮤니티 제공",A,"
수수료, 광고, 제품, 커머스
물품 거래 시 수수료, 서비스 내 광고 수수료, 자체 제작 상품 판매, 반려견 관련 서비스 연결 수수료",B,"
반려견 전용 중고거래 활성화를 위한 주요 활동
중고거래 플랫폼 개발, 물품과 사용자 유치, 트래픽 확보 위한 온/ 오프라인 홍보",B,"
지적 자원(플랫폼 특허), 핵심 인력(개발, 디자인, 마케팅), 자금 확보, 협력사 확보
플랫폼 관련 국내/ 국외 특허 최다 출원 준비, 서비스 런칭을 위한 평균 경력 5년차 이상 인력 3명, 초기 투자 유치 예정, 업종별 협력사 다수 확보 완료",A,"
서비스 개발, 확장을 위한 전문가와 반려 인플루언서와의 협업
중고거래 플랫폼 전문가, 데이터 분석 전문가, 서비스 보안 전문가 섭외서비스 활성화를 위한 반려동물 관련 인플루언서 확보",A,"
서비스 개발 및 활성화를 위한 비용(인건비, 마케팅비)
서비스 개발, 유지 보수를 위한 인건비, 유저 획득을 위한 마케팅비",B
104,,,OREH,"1. 새로운 트렌드를 빨리 받아들이고, 남과 다른 이색적인 경험을 추구, SNS기반으로 유통시장에서 강력한 영향력을 발휘하는 소비 주체로 떠오름
2. 집단보다는 개인의 행복, 소유보다는 공유, 상품보다는 경험을 중시하는 소비 패턴
3. 단순히 물건을 구매하는 것에 그치지 않고 사회적 가치나 특별한 메시지를 담은 물건을 구매함으로써 자신의 신념을 표출
4. 국가유공자에 대한 관심 정도가 낮아 아이템의 기대효과를 극대화하기 적절한 고객",A,"
1. 오락성과 교육성, 사회적 가치의 균형
2. 높은 몰입도
3. 높은 소장가치의 키트
한번의 체험에서 오락성 - 교육성 모두 찾을 수 있게 수리사고력, 지형지물, 역사적 지식 모두 활용하여 풀이하는 미션 위주의 균형적 제품을 개발하고자 노력하였음. 또한 가치 소비의 기조에 맞춰 플레이 키트 역시 친환경적이면서도 소장가치가 있는 굿즈로써 활용될 수 있게 함.",A,"
타켓 고객이 많이 이용하는 SNS(인스타그램), 채널(유튜브, 대학생 커뮤니티)
1. 자체 유튜브 채널을 개설하고 제품을 인플루언서, 유튜버와 방탈출, 보드게임 관련 블로그를 운영중인 매니아 등에게 협찬하여 홍보 효과를 부가할 예정.
2. 실제 고객들의 SNS / 블로그 후기를 장려하여 네트워크 효과를 이뤄내고자 함.",A,"
1. B2C 고객 : 펀딩
2. B2B / B2G 고객 : 교육기관, 역사적 장소와 연계
1. B2C 고객 : 예정되어있는 펀딩을 통해 시장성을 검증하고 신규 고객을 유입할 예정. 어플리케이션 마지막에 피드백을 받을 수 있는 설문지 및 별점 표기를 첨부하여 피드백을 받을 예정. 이용자 확대를 기반으로 상시판매가 가능한 자사몰 구축 및 오픈마켓 입점 계획 중.
2. B2B / B2G 고객 : 교육기관, 역사적 장소와 관련된 기념관 등과 연계하여 OREH의 아이템을 판매하고자 계획 중.",A,"
공모전 및 지원금
판매 수익금",C,"
국가 유공자의 경험을 바탕으로 제품 스토리 및 미션(문제) 제작 : 어플, 키트 내용 구성
제품 마케팅 및 판매
국가 유공자의 문제에 대한 지속적인 고민과 홍보",A,"
국가 유공자 및 관련 기관의 참여도
개발과 디자인을 위한 외주협력업체(향후 팀원으로 고용 예정)",B,"
국가 유공자 및 지원단체
장소 제공 기관 및 자문, 외주 업체",C,"
제품 기획 비용, 어플 개발 및 디자인 외주 비용, 키트 제작(인쇄) 비용 / 국가유공자 파트너십 비용
키트 개발이 완료된 경우 인쇄 비용만 존재하므로, 재고 없이 주문 후 즉시 제작이 가능하며 펀딩 등의 선주문으로 대량제작 시 원가를 매우 낮출 수 있음.",B
105,,,자이언트리,"고객 : 경재력이 있고 개인니즈가 분명하지만 시간이 부족한 수도권 30~40대 
맞벌이 가정
시공파트너 : 건자재대기업 대리점, 플랫폼 중개서비스 파트너인 개인 인테리어사를 
제외한 오랜기간 업력이 있어 경쟁력은 있지만 온라인 마케팅에는 취약한 전문 
인테리어사
건자재사 : 한샘, LX 등과 같이 자재 대리점이 없어 온라인 판매망을 확대하고 
싶어하는 건자재사",A,"고객
- (시간절약) 비대면으로 온라인 실시간 견적 제공
- (투명한 견적) 이커머스몰에서처럼 자재모델 및 가격 보고 고객이 직접 자재 선택
- (정보비대칭 해소) 고객니즈만 입력하면 디자인, 자재 추천 (선택옵션까지 제공)
시공파트너
- 광고수수료 없이 시공비 입찰만으로 고객 연결 가능 (하우테리어 파트너 계약 시)
시공관리인
- 건설노하우 활용하여 재취업 가능 (시간/노하우 부족한 고객 대신 시공관리)",A,"하우테리어 웹서비스
견적버블진단 : 견적서 금액만 업로드하면 타인의 견적과 비교해 본인 견적의 
수준을 알려주는 서비스
인테리어전투력테스트 : 인테리어 견적 시 필요한 정보를 간단한 퀴즈형식으로 제공",A,"고객
- 하우테리어 자동견적솔루션과 시공사매칭 통해 편리하게 인테리어 시공
- 포인트 통해 생활서비스(이사, 생활소품 구입 등)에 이영
시공파트너
- 광고수수표 없이 고객 매칭기회 제공
- 자재는 하우테리어 공급되는 자재 이용
시공관리인
- 매칭수수료 제공(to 하우테리어)하고 시공관리서비스 제공",A,"자동견적솔루션 통해 판매한 자재판매수수료
시공관리인 중개수수료",C,"자동견적솔루션 통한 비대면 인테리어 견적서비스 : 고객이 디자인과 자재를 쉽게 
선택해 비대면 실시간 견적받을 수 있는 서비스
홈메타갤러리서비스 구축 : 고객이 자재 선택 시 수월하도록 지원
시공사 및 시공관리인 매칭 : 하우테리어 자동견적서비스를 통해 인테리어 할 수 
있도록 인테리어사와 시공관리 전문인력 매칭",A,"하우테리어 웹서비스
견적 및 자재데이터
시공사 및 시공관리인 파트너",C,"인테리어사 : 자동견적솔루션 통해 고객이 선택한 자재를 하우테리어가 공급하고 
해당 자재로 시공만 수행할 인테리어사 (건자재공급 : 하우테리어, 시공 : 
인테리어사)
건자재공급사 : 자동견적솔루션에 리스트업 될 자재들을 공급하는 건자재사 
(벽지공급자, 타일공급자, 가구공급자 등)
시공관리인 : 은퇴건설기술자로 하우테리어 고객에게 시공관리서비스를 제공할 
전문가 (하우테리어에서는 고객 대신 시공관리를 해줄 전문가 매칭서비스 제공)",A,"플랫폼서비스 개발 및 유지관리비
자재쇼룸 운영비
마케팅비",C
106,,,바타,-,C,-,C,-,C,-,C,-,C,-,C,-,C,-,C,-,C
109,,,아튜던트,"시장성 및 성장 가능성
[시장규모]
국내외 예술산업은 코로나 19 이후 성장률이 급락하였으나, 보완재로써 온라인
아트마켓에 대한 필요성이 점차 커져 ‘20년에는 ‘19년보다 2배 이상 성장한 124억
달러를 기록하였음
[성장 가능성]
현재 국외에서는 가상화폐를 이용한 투자 시장이 활발해지고 있기 때문에 아트 관
련 NFT 투자자와 관심도가 증가하는 추세임. 아튜던트의 NFT발행 서비스 고도화를
통해, 투자중심의 신규유저 유입이 가능
[목표 시장]
-미국과 중국의 예술계 학부생 수로 미루어 보아, 전세계 아티스트의 수는 256만명
이상이 될 것으로 예상.
-‘20년 기준, 국내 예술 관련 고등학생 및 대학원생을 포함, 전체 학생 아티스트는
약 20만명으로 추산.
- Artudent는 초반 서비스 단계에서는 국내 미대 졸업생, 재학생, 신진 작가, 아마추
어 작가를 중심으로 한 아마추어 아티스트를 대상으로 서비스를 전개할 계획이며, 
최종적으로 해외 아티스트들을 포섭함으로써 그 범위를 확대할 예정임.",A,"[전시 경험 또는 포트폴리오가 필요한 작가]
-온라인 갤러리에 작품 업로드를 통해 포트폴리오로 사용 가능.
-전시 기획전 등을 통해 전시 경험 제공 가능
-NFT 작품 판매를 통한 경제적 활동 제공
-자신의 작품 홍보 및 광고를 통한 인지도 상승 가능
-작품 및 전시에 대한 컨설팅 서비스 제공
[작품 아이디어가 필요한 미대생]
-아이디어를 구할 수 있는 여러 질적인 작품을 확인할 수 있음.
-아튜던트 내에서 진행하는 기획전시 방문을 통한 아이디어 창출 가능
[신진 작가 또는 투자 가치가 있는 작품을 찾는 미술 애호가 또는 갤러리/화랑]
-성장 가능성이 있는 작가 모집 가능
-질 좋은 여러 작품을 볼 수 있고 구매가 가능함.
[미대 학생회]
-재학중인 학생들에게 작가로서 성장할 수 있는 기회 제공 가능
-상대적으로 저렴한 가격에 온라인 및 오프라인 전시 개최 가능
[전시 기획자가 없는 기업 또는 단체]
-상대적으로 저렴한 가격으로 전시를 진행할 수 있음
-자체적으로 사용할 수 있는 온라인 전시 공간 제공 가능",A,"[인스타그램]
- 인스타그램 계정 및 피드를 통해 아튜던트 홍보 및 마케팅
- 인스타그램 홍보 서비스를 이용한 홍보 활동
[구독 메일링 서비스]
- 아튜던트 메일링 서비스를 통한 작품 및 작가 홍보 진행
[대학 커뮤니티]
- 대학 커뮤니티 내 지속적인 홍보활동 및 아튜던트 자체 기획전 홍보 진행
[다른 미술 관련 플랫폼과의 협업]
- 전시 기획 및 진행 관련 협업으로 아튜던트 서비스 홍보 진행과 작가, 이용자 모집 가능
- 아튜던트에 없는 기능을 가진 플랫폼과 협업함으로서 서비스의 질 상승 가능",A,"[작가 모집 주요 경로]
-SNS(인스타그램, 트위터) 마케팅
-대학교 미대 학생회와의 교류
-대학교 커뮤니티 플랫폼(에브리타임, 캠퍼스픽 등)을 통한 홍보 마케팅
[이용자 모집 주요 경로]
-SNS(인스타그램, 트위터) 마케팅
-미술 관련 업체와의 협업
-주기적인 기획전 오픈을 통한 아튜던트 홍보활동 진행
[작가 유지 주요 경로]
-주기적인 기획전 진행
-무료 전시페이지 제작 이벤트 진행
-소속 작가인 경우 할인 서비스 제공
-무료 작품 큐레이팅 및 컨설팅 제공
-미술 관련 특별 강의 진행
-미술 작품 가격 측정 서비스 제공
-화랑 또는 갤러리와의 connection 진행
[이용자 유지 주요 경로]
-최초 작품 구매 시 할인 제공
-주기적인 작품 추천 메일 서비스 제공",A,"서비스 내용 비용
투입일
수
매출비
중
맞춤형 온라인 전시
고객 맞춤형 기획, 웹디자
인, 개발, 배포
4,800,00
0원
20일 50%
기본형 온라인 전시 기본형 디자인, 개발
480,000
원
3일
맞춤형 오프라인 전시
컨설팅
전체적인 전시 기획 및 디
자인, 컨설팅 및 설치
19,200,0
00원
60일 30%
커스텀 오프라인 전시
컨설팅
원하는 파트만 선택해
전시 컨설팅
파트 별
상이
- -
자체 기획전 개최
전시 기획, 작가 및 작품
홍보 등
전반적인 전시 효과 제공
150,000
(1인)
30일 10%
작가 및 작품 홍보 사이트 내 롤링 배너 홍
보, SNS 홍보 30,000 건당 5%
부가 수익
작품 판매 중개 수수료,
전자책 판매, 광고료
- 건당 5%",A,"1. 온라인 갤러리 서비스 제공
- 아튜던트 측에서 선별한 작품을 갤러리에 업로드 함으로써 작가들에게는 자신의
개인 포트폴리오로 사용될 수 있고, 사용자들에게는 질적인 작품을 한 눈에 볼 수
있다는 장점이 있음.
- 온라인 갤러리에 업로드 된 작품을 통해 미대생과 같은 아이디어가 필요한
이용자에게는 작품 아이디어로서 활용될 수 있고, 작품을 올린 작가들에게는 자신의
작품에 대한 관심도와 조회수 등을 고려해 자신의 작품이 얼마나 시장 가능성이
있는지 유추가 가능함.
- 작품을 구매하고자 하는 관람객이나 미술 애호가들에게도 질적인 작품들 로만
구성되어 있기 때문에 작품 투자를 위해 들이는 시간을 줄일 수 있음.
2. 온라인 전시페이지 구축 및 오프라인 전시 기획
- 사용자는 예산에 알맞게 웹 기반의 온라인 전시회 구축과 오프라인 전시 컨설팅
서비스를 자유롭게 선택할 수 있음.
- 오프라인 전시회 구축 시, 참여 작품의 데이터가 온라인 오픈 갤러리 형태로 웹
상에 업로드 되어, 작가는 자신의 포트폴리오, 작품 홍보, 작품 판매, 아카이빙 등 다
양한 방식으로 아튜던트의 서비스를 2차 활용할 수 있음.
- 온라인 전시페이지도 마찬가지로, 자신의 작품을 오프라인 전시 보다 덜 부담스러
운 가격에 구현이 가능하며, 자신의 포트폴리오에 도움이 될 수 있음.
- 작가 뿐만이 아닌 단체, 기업, 학교 등에서 이루어지는 전시에서도 온라인 전시를
진행할 수 있기 때문에 범용 가치가 뛰어남.
3. NFT 작품 등록 및 판매
- 실물 작품에 대한 NFT 발행 서비스를 제공하여, 아트 NFT 마켓에서 자신의 작품
을 홍보하고 판매하는 경험을 제공
- 영어, 중국어 서비스 지원을 통해 국내 시장뿐만 아니라 해외 아티스트와 예술
애호가들이 쉽게 접근 가능할 수 있는 온라인 서비스 제공
4. 작품 가격 예상 프로세스 구현 등 진행
- 자신의 경력 대비 작품 가격을 결정하기 어려운 작가들이 많고, 어떤 방식으로
작품가를 결정해야하는 지 어려워하는 작가들이 많기 때문에 아튜던트에 등록된
작품들의 작품 관심도, 조회수와 작가의 경력 등을 고려하여 작가의 경력에 알맞은
작품가를 측정하는 서비스 구현
- 자신의 작품 가치에 대해 대략적으로 파악이 가능하기 때문에 미술 시장 내의
경제 활동에도 도움이 됨",A,"1. 온라인 전시 페이지 및 작품가 측정 프로세스 특허 출원 예정
- 작가 경력과 작품 관심도를 아튜던트 프로세스로 환산하여 해당 작품의 견적을 예측해볼 수
있는 시스템 개발 예정이고, 해당 알고리즘에 대해 특허를 출원할 예정
2. 인력 확보 (홍보, 운영, 개발)
- 홍보 및 기획/운영 관련 학과 재학 중이거나, 관련 경력 2년 이상인 경력자 1명
채용하여 해당 서비스를 많은 사용자가 이용해볼 수 있도록 홍보하고 운영/기획할
예정
- 블록체인 기술 관련 경력 2년 이상인 경력자 1명 채용 및 NFT 관련 업체
‘NADA’와 협력함으로서 NFT 발행 및 구매 등을 사용자가 더 편리하게 이용할 수
있도록 구현할 예정
3. 홍보 활동
- 인스타그램과 같은 SNS에 지속적인 홍보 진행 및 카카오채널, 구독 메일 서비스
등을 통해 작가와 작품, 아튜던트 서비스에 대한 홍보 진행 예정",A,"1. 갤러리 및 화랑, 미술 전문가
- 갤러리와의 전시 협업 진행
- 화랑 간의 작가 지원 프로젝트 진행, 작가 스카우트 진행.
- 미술 전문가의 디렉팅을 통해 작가들의 성장을 위한 서비스 기획
2. 개발자(블록체인, 웹사이트 개발, 3D 개발자)
- 온라인 전시 사이트 디자인 추가 개발
- 3D 온라인 전시 사이트 구축
- 작가들 간의 소통이 가능한 커뮤니티 구축 및 활성화
- 블록체인 기술을 이용해 아튜던트 사이트 내에서도 NFT를 구매, 판매할 수 있게
구현 예정
3. 작품 큐레이터
- 작가들의 작품 큐레이팅을 통해 온라인 전시 및 오프라인 전시 시 이용자들이
해당 작품을 즐길 수 있는 콘텐츠 제공 가능
4. 한국미술시가감정협회
- 한국미술시가감정협회에서 제작한 작품 가격 측정 기준표를 토대로, 해당 작품을
그린 작가의 인지도와 경력 등을 추산한 알고리즘을 통해 작가들이 자신의 작품가를
미리 확인해보거나 예상해볼 수 있는 작품 가격 계산기 서비스 제공을 위함
5. 국내외 미술 박람회
- 작가들의 작품을 아시아프, 서울디자인페스티벌 등 여러 박람회를 통해 전시하고
판매하면서 작가로서의 경험 제공 및 경제 활동 제공",A,"[웹사이트 유지 보수]
항목 세부 내용 비용
DB 이용 금액 -aws, mongoDB 등
데이터 및 서버 이용
비용
-aws: 1달 간 100,000원
-mongoDB 1달 간
20,000원
도메인 이용 금액 Artudent 도메인
이용비용
1년 간 22,000원
[인건비]
항목 세부 내용 비용
개발자 1명 응용 SW 개발자 1명 20,000*6시간*20일 = 
2,400,000원
디자이너 2명 UI/UX 디자인 1명,
홍보디자인 1명
15,000*6시간*20일 = 
1,800,000 * 2명 = 
3,600,000원
[홍보 비용]
항목 세부 내용 비용
SNS 홍보 비용 인스타그램 계정 및
서비스 홍보
1달 간 1,000,000원
플랫폼 홍보 비용 네이버, 카카오 등 플랫폼
내 서비스 홍보
1달 간 3,000,000원",A
110,,,Experts,"
30-50대 커뮤니티 사용 유저, 중소규모 증권사 및 IB 리스크 매니지먼트 팀
온라인 커뮤니티 사용 30-50대 남성, 중소규모 증권사 및 IB 리스크 매니지먼트 팀",B,"
리스크 헷지, 자산 운용, 수익 창출
솔루션 개발을 통한 수익 창출 및 리스크 헷지",C,"
커뮤니티, 오프라인 영업, 전시회, 유튜브 채널
관련 커뮤니티 및 유투브 채널, 오프라인 다이렉트 영업",B,"
기술영업, 스포츠 및 정치 커뮤니티 
증권사 및 IB 영업을 위한 기술영업, 서비스 유저 확보를 위한 스포츠 및 정치 커뮤니티",B,"
솔루션 판매, 커뮤니티 결제
AI 솔루션 판매 비용, 커뮤니티 토큰 결제 비용",C,"
DL R&D, Value Proposition
AI 솔루션 개발을 위한 DL R&D, Value Proposition을 위한 지속적인 서비스 개발",B,"
AI Engineer & Data Scientist, 증권사 및 IB 기술영업
솔루션 개발을 위한 AI Engineer & Data Scientist, 증권사 및 IB 대상 기술영업",B,"
증권사, IB
B2B AI Solution 판매",C,"
인건비(개발 및 R&D), 서버비, 마케팅비용, 영업비용
솔루션 개발 및 R&D 인건비, 서비스 및 데이터 파이프라인 구축 서버비, 홍보 및 마케팅비용",B
